sample_id	condition	study	run_accession	ena_sample_accession	ena_secondary_sample_accession	fastq1_url	fastq2_url	fastq1_md5	fastq2_md5	fastq1_bytes	fastq2_bytes
CCIS00146684ST-4-0	Control	Public_study__ZellerG_2014	ERR478958	SAMEA2467039	ERS436796	https://ftp.sra.ebi.ac.uk/vol1/fastq/ERR478/ERR478958/ERR478958_1.fastq.gz	https://ftp.sra.ebi.ac.uk/vol1/fastq/ERR478/ERR478958/ERR478958_2.fastq.gz	f2f4051f6d76ab1b3bee0f0d2375ae83	530222f8ae0f872e7a5a27af93c6a38b	623941541	634314383
CCIS00146684ST-4-0	Control	Public_study__ZellerG_2014	ERR478959	SAMEA2467039	ERS436796	https://ftp.sra.ebi.ac.uk/vol1/fastq/ERR478/ERR478959/ERR478959_1.fastq.gz	https://ftp.sra.ebi.ac.uk/vol1/fastq/ERR478/ERR478959/ERR478959_2.fastq.gz	a22511a968b75c860b622adeb699d01a	1b6516b782fa615c0e09d6538ebf9635	616653857	628649001
CCIS00146684ST-4-0	Control	Public_study__ZellerG_2014	ERR478960	SAMEA2467039	ERS436796	https://ftp.sra.ebi.ac.uk/vol1/fastq/ERR478/ERR478960/ERR478960_1.fastq.gz	https://ftp.sra.ebi.ac.uk/vol1/fastq/ERR478/ERR478960/ERR478960_2.fastq.gz	d11e11cf9de733e1f8f311c8bad26b85	a0ec9aa6226f0679d784231c22ea5a62	617733809	630659316
CCIS00146684ST-4-0	Control	Public_study__ZellerG_2014	ERR478961	SAMEA2467039	ERS436796	https://ftp.sra.ebi.ac.uk/vol1/fastq/ERR478/ERR478961/ERR478961_1.fastq.gz	https://ftp.sra.ebi.ac.uk/vol1/fastq/ERR478/ERR478961/ERR478961_2.fastq.gz	28a78c03924ba5e7de93e9de1cc93433	2bf31486f36ccc29b2f4a65b8ed11cb0	621909022	633984591
CCIS00281083ST-3-0	Control	Public_study__ZellerG_2014	ERR478962	SAMEA2466896	ERS436653	https://ftp.sra.ebi.ac.uk/vol1/fastq/ERR478/ERR478962/ERR478962_1.fastq.gz	https://ftp.sra.ebi.ac.uk/vol1/fastq/ERR478/ERR478962/ERR478962_2.fastq.gz	c27a2b1488fe9bc716637cdd736c1dd4	98b40620ca01698f51ff729be1489d9c	639706389	709204047
CCIS00281083ST-3-0	Control	Public_study__ZellerG_2014	ERR478963	SAMEA2466896	ERS436653	https://ftp.sra.ebi.ac.uk/vol1/fastq/ERR478/ERR478963/ERR478963_1.fastq.gz	https://ftp.sra.ebi.ac.uk/vol1/fastq/ERR478/ERR478963/ERR478963_2.fastq.gz	c9113dc21c854fb4e4866c55a74c4b06	3becdd4b7aaa3404bf52dfea82a0ef4c	617939426	683929057
CCIS02124300ST-4-0	Control	Public_study__ZellerG_2014	ERR478964	SAMEA2466965	ERS436722	https://ftp.sra.ebi.ac.uk/vol1/fastq/ERR478/ERR478964/ERR478964_1.fastq.gz	https://ftp.sra.ebi.ac.uk/vol1/fastq/ERR478/ERR478964/ERR478964_2.fastq.gz	f85c41d2ae31d6b1c366f6d2fdeec3bb	37361e5d5d63d6df5dab262212f14271	753187318	758170986
CCIS02124300ST-4-0	Control	Public_study__ZellerG_2014	ERR478965	SAMEA2466965	ERS436722	https://ftp.sra.ebi.ac.uk/vol1/fastq/ERR478/ERR478965/ERR478965_1.fastq.gz	https://ftp.sra.ebi.ac.uk/vol1/fastq/ERR478/ERR478965/ERR478965_2.fastq.gz	c29e6b84d246494ca8b666bb0b8143c8	b509a24466a203ff960e5d00d8148276	764820733	766764705
CCIS02124300ST-4-0	Control	Public_study__ZellerG_2014	ERR478966	SAMEA2466965	ERS436722	https://ftp.sra.ebi.ac.uk/vol1/fastq/ERR478/ERR478966/ERR478966_1.fastq.gz	https://ftp.sra.ebi.ac.uk/vol1/fastq/ERR478/ERR478966/ERR478966_2.fastq.gz	09e6d1f3aa80bfa537ad76948b33af79	7748c05cd421e5bdfc47cd6a661e9552	749101146	752283842
CCIS02124300ST-4-0	Control	Public_study__ZellerG_2014	ERR478967	SAMEA2466965	ERS436722	https://ftp.sra.ebi.ac.uk/vol1/fastq/ERR478/ERR478967/ERR478967_1.fastq.gz	https://ftp.sra.ebi.ac.uk/vol1/fastq/ERR478/ERR478967/ERR478967_2.fastq.gz	4873118ad7f8ef22702e221161946ebc	9c022eeb259cbd70744cf905ed247ac3	745424144	748765627
CCIS02379307ST-4-0	CRC	Public_study__ZellerG_2014	ERR478968	SAMEA2467005	ERS436762	https://ftp.sra.ebi.ac.uk/vol1/fastq/ERR478/ERR478968/ERR478968_1.fastq.gz	https://ftp.sra.ebi.ac.uk/vol1/fastq/ERR478/ERR478968/ERR478968_2.fastq.gz	2d232a62862612b6158ae8a32ed65178	2c10d6e129c01d5789d330fec6ca9888	166870741	179383721
CCIS02379307ST-4-0	CRC	Public_study__ZellerG_2014	ERR478969	SAMEA2467005	ERS436762	https://ftp.sra.ebi.ac.uk/vol1/fastq/ERR478/ERR478969/ERR478969_1.fastq.gz	https://ftp.sra.ebi.ac.uk/vol1/fastq/ERR478/ERR478969/ERR478969_2.fastq.gz	6db246a58248d94155469d4046e8faf3	15fe7d7ca6b1db6eca53d6efe8a3ec2e	162517951	172038303
CCIS02856720ST-4-0	Control	Public_study__ZellerG_2014	ERR478970	SAMEA2467013	ERS436770	https://ftp.sra.ebi.ac.uk/vol1/fastq/ERR478/ERR478970/ERR478970_1.fastq.gz	https://ftp.sra.ebi.ac.uk/vol1/fastq/ERR478/ERR478970/ERR478970_2.fastq.gz	b4480285be7e756c61bf44eb07b0661a	c746dfcd3f9af38e54e5d324d33496ac	553880573	564255998
CCIS02856720ST-4-0	Control	Public_study__ZellerG_2014	ERR478971	SAMEA2467013	ERS436770	https://ftp.sra.ebi.ac.uk/vol1/fastq/ERR478/ERR478971/ERR478971_1.fastq.gz	https://ftp.sra.ebi.ac.uk/vol1/fastq/ERR478/ERR478971/ERR478971_2.fastq.gz	b4bf0c1616cb8704e7f92137a331b868	afb8600ec3a21ef434a5f133e7ec4a97	550624309	563043199
CCIS02856720ST-4-0	Control	Public_study__ZellerG_2014	ERR478972	SAMEA2467013	ERS436770	https://ftp.sra.ebi.ac.uk/vol1/fastq/ERR478/ERR478972/ERR478972_1.fastq.gz	https://ftp.sra.ebi.ac.uk/vol1/fastq/ERR478/ERR478972/ERR478972_2.fastq.gz	f1f1f94a9f41280fbce93967382919f7	850cad08d92af3446f0065c275c299e0	553022240	566900854
CCIS02856720ST-4-0	Control	Public_study__ZellerG_2014	ERR478973	SAMEA2467013	ERS436770	https://ftp.sra.ebi.ac.uk/vol1/fastq/ERR478/ERR478973/ERR478973_1.fastq.gz	https://ftp.sra.ebi.ac.uk/vol1/fastq/ERR478/ERR478973/ERR478973_2.fastq.gz	7716f7eafaa2cbddfe2cf45e125102a2	c09c751882d0d4380f4cc7a6a3df4fe8	552509785	564934102
CCIS03473770ST-4-0	Control	Public_study__ZellerG_2014	ERR478974	SAMEA2466911	ERS436668	https://ftp.sra.ebi.ac.uk/vol1/fastq/ERR478/ERR478974/ERR478974_1.fastq.gz	https://ftp.sra.ebi.ac.uk/vol1/fastq/ERR478/ERR478974/ERR478974_2.fastq.gz	cafae5585008f14509b81e468bd3f47d	24bfc66da26d9fcaca326fa7e4344146	784717493	795466993
CCIS03473770ST-4-0	Control	Public_study__ZellerG_2014	ERR478975	SAMEA2466911	ERS436668	https://ftp.sra.ebi.ac.uk/vol1/fastq/ERR478/ERR478975/ERR478975_1.fastq.gz	https://ftp.sra.ebi.ac.uk/vol1/fastq/ERR478/ERR478975/ERR478975_2.fastq.gz	3a2fe5897746f394ab930d3dc66f6421	d79af493f55832e191086a64e4368615	713552024	728098930
CCIS03857607ST-4-0	Control	Public_study__ZellerG_2014	ERR478976	SAMEA2467031	ERS436788	https://ftp.sra.ebi.ac.uk/vol1/fastq/ERR478/ERR478976/ERR478976_1.fastq.gz	https://ftp.sra.ebi.ac.uk/vol1/fastq/ERR478/ERR478976/ERR478976_2.fastq.gz	be0b449d7b88ac48734f5c6ec8309b3d	a767d4930e477150009aa01feb44617e	485418810	496096985
CCIS03857607ST-4-0	Control	Public_study__ZellerG_2014	ERR478977	SAMEA2467031	ERS436788	https://ftp.sra.ebi.ac.uk/vol1/fastq/ERR478/ERR478977/ERR478977_1.fastq.gz	https://ftp.sra.ebi.ac.uk/vol1/fastq/ERR478/ERR478977/ERR478977_2.fastq.gz	6487e62daa5aba77af16be9ab44e3540	ef3c2e341185cb7979049b3ad5e4eca6	487605607	498433963
CCIS03857607ST-4-0	Control	Public_study__ZellerG_2014	ERR478978	SAMEA2467031	ERS436788	https://ftp.sra.ebi.ac.uk/vol1/fastq/ERR478/ERR478978/ERR478978_1.fastq.gz	https://ftp.sra.ebi.ac.uk/vol1/fastq/ERR478/ERR478978/ERR478978_2.fastq.gz	65a6f4db7a43edff8ec7c34fcd9f6ff6	d182a7ae1d3be98aa8ddbd31dbe35812	489222248	497814009
CCIS03857607ST-4-0	Control	Public_study__ZellerG_2014	ERR478979	SAMEA2467031	ERS436788	https://ftp.sra.ebi.ac.uk/vol1/fastq/ERR478/ERR478979/ERR478979_1.fastq.gz	https://ftp.sra.ebi.ac.uk/vol1/fastq/ERR478/ERR478979/ERR478979_2.fastq.gz	8ece4f34c2cf45c518ffc2eba4198422	d429870a0a6bc467b228e2c958fa8c7e	485345299	492756406
CCIS05314658ST-4-0	Control	Public_study__ZellerG_2014	ERR478980	SAMEA2467021	ERS436778	https://ftp.sra.ebi.ac.uk/vol1/fastq/ERR478/ERR478980/ERR478980_1.fastq.gz	https://ftp.sra.ebi.ac.uk/vol1/fastq/ERR478/ERR478980/ERR478980_2.fastq.gz	b39f5cbdebbafac62b167a5a5209c877	8dcb1b086dec71d1190afdf5515f5bf8	460828047	472395923
CCIS05314658ST-4-0	Control	Public_study__ZellerG_2014	ERR478981	SAMEA2467021	ERS436778	https://ftp.sra.ebi.ac.uk/vol1/fastq/ERR478/ERR478981/ERR478981_1.fastq.gz	https://ftp.sra.ebi.ac.uk/vol1/fastq/ERR478/ERR478981/ERR478981_2.fastq.gz	49482ed5e2ea29eadfb033330da38998	3eb56434f4b6b9ea4ce5062be578d4c3	463530343	475258393
CCIS05314658ST-4-0	Control	Public_study__ZellerG_2014	ERR478982	SAMEA2467021	ERS436778	https://ftp.sra.ebi.ac.uk/vol1/fastq/ERR478/ERR478982/ERR478982_1.fastq.gz	https://ftp.sra.ebi.ac.uk/vol1/fastq/ERR478/ERR478982/ERR478982_2.fastq.gz	8b91bef9d521cd71283da7e63f27b43b	4c9e43a5bb0a1e7dde4830bd4b52a630	463249316	472672738
CCIS05314658ST-4-0	Control	Public_study__ZellerG_2014	ERR478983	SAMEA2467021	ERS436778	https://ftp.sra.ebi.ac.uk/vol1/fastq/ERR478/ERR478983/ERR478983_1.fastq.gz	https://ftp.sra.ebi.ac.uk/vol1/fastq/ERR478/ERR478983/ERR478983_2.fastq.gz	16f8409af2d90958ec79a0aac8d96d32	fee26bb9f738d4b1fff0857c2307a05f	460881453	468777365
CCIS06260551ST-3-0	CRC	Public_study__ZellerG_2014	ERR478984	SAMEA2466915	ERS436672	https://ftp.sra.ebi.ac.uk/vol1/fastq/ERR478/ERR478984/ERR478984_1.fastq.gz	https://ftp.sra.ebi.ac.uk/vol1/fastq/ERR478/ERR478984/ERR478984_2.fastq.gz	fdb6d34daa959c1ff0d7ea2b6e5176e2	f430c9e35e57f17c45c5b69b89c5a1bd	549494999	559704323
CCIS06260551ST-3-0	CRC	Public_study__ZellerG_2014	ERR478985	SAMEA2466915	ERS436672	https://ftp.sra.ebi.ac.uk/vol1/fastq/ERR478/ERR478985/ERR478985_1.fastq.gz	https://ftp.sra.ebi.ac.uk/vol1/fastq/ERR478/ERR478985/ERR478985_2.fastq.gz	161c4caff57c2d7a66a06bbcf1586fa1	6f41b321b9a9a64d193e1a0fc33d7fac	547475482	556840437
CCIS07277498ST-4-0	Control	Public_study__ZellerG_2014	ERR478986	SAMEA2467028	ERS436785	https://ftp.sra.ebi.ac.uk/vol1/fastq/ERR478/ERR478986/ERR478986_1.fastq.gz	https://ftp.sra.ebi.ac.uk/vol1/fastq/ERR478/ERR478986/ERR478986_2.fastq.gz	b23ff5ceade78f8f6027377aaa6067d4	5fec7c0314546240d3b49ce1879f1e63	511390391	518147684
CCIS07277498ST-4-0	Control	Public_study__ZellerG_2014	ERR478987	SAMEA2467028	ERS436785	https://ftp.sra.ebi.ac.uk/vol1/fastq/ERR478/ERR478987/ERR478987_1.fastq.gz	https://ftp.sra.ebi.ac.uk/vol1/fastq/ERR478/ERR478987/ERR478987_2.fastq.gz	3876af113ffafb96650dd7be25fcfb10	9be738aceb2c3117ad4efbeefa41aae2	507735057	516107269
CCIS07277498ST-4-0	Control	Public_study__ZellerG_2014	ERR478988	SAMEA2467028	ERS436785	https://ftp.sra.ebi.ac.uk/vol1/fastq/ERR478/ERR478988/ERR478988_1.fastq.gz	https://ftp.sra.ebi.ac.uk/vol1/fastq/ERR478/ERR478988/ERR478988_2.fastq.gz	fdc9600f2c0f4e7489223299e4cf96ac	6cd1272356051e0c970416b3682b3395	503631993	512375134
CCIS07277498ST-4-0	Control	Public_study__ZellerG_2014	ERR478989	SAMEA2467028	ERS436785	https://ftp.sra.ebi.ac.uk/vol1/fastq/ERR478/ERR478989/ERR478989_1.fastq.gz	https://ftp.sra.ebi.ac.uk/vol1/fastq/ERR478/ERR478989/ERR478989_2.fastq.gz	bd73ccdbf17c4d3a04dea0e91d874110	fb2a35c07f1f2ca00cd4df70f3eeda1b	510373834	518936235
CCIS07539127ST-4-0	Control	Public_study__ZellerG_2014	ERR478990	SAMEA2467036	ERS436793	https://ftp.sra.ebi.ac.uk/vol1/fastq/ERR478/ERR478990/ERR478990_1.fastq.gz	https://ftp.sra.ebi.ac.uk/vol1/fastq/ERR478/ERR478990/ERR478990_2.fastq.gz	3ab7d51c1b5cb8ba9cdf506e8f51c183	32496ffb91a0621c94dc16f33de10e10	558807145	568359836
CCIS07539127ST-4-0	Control	Public_study__ZellerG_2014	ERR478991	SAMEA2467036	ERS436793	https://ftp.sra.ebi.ac.uk/vol1/fastq/ERR478/ERR478991/ERR478991_1.fastq.gz	https://ftp.sra.ebi.ac.uk/vol1/fastq/ERR478/ERR478991/ERR478991_2.fastq.gz	24acf5285ffd80e10f833043a12677be	f99ecc0afb7091d9922aba89bae3fb63	554761008	566107232
CCIS07539127ST-4-0	Control	Public_study__ZellerG_2014	ERR478992	SAMEA2467036	ERS436793	https://ftp.sra.ebi.ac.uk/vol1/fastq/ERR478/ERR478992/ERR478992_1.fastq.gz	https://ftp.sra.ebi.ac.uk/vol1/fastq/ERR478/ERR478992/ERR478992_2.fastq.gz	ae05de76e44ee5f28c96c32904258de1	31122c10aa0eec432e60d2f494e6ab08	556638586	569073454
CCIS07539127ST-4-0	Control	Public_study__ZellerG_2014	ERR478993	SAMEA2467036	ERS436793	https://ftp.sra.ebi.ac.uk/vol1/fastq/ERR478/ERR478993/ERR478993_1.fastq.gz	https://ftp.sra.ebi.ac.uk/vol1/fastq/ERR478/ERR478993/ERR478993_2.fastq.gz	338d69a1911cfd29bdaa40c778f99ddb	03907d5aa27a1d9261aa10d6d95d8065	557591491	568961270
CCIS07648107ST-4-0	Control	Public_study__ZellerG_2014	ERR478994	SAMEA2467014	ERS436771	https://ftp.sra.ebi.ac.uk/vol1/fastq/ERR478/ERR478994/ERR478994_1.fastq.gz	https://ftp.sra.ebi.ac.uk/vol1/fastq/ERR478/ERR478994/ERR478994_2.fastq.gz	8df0f85e16f757dd50c94bbe0b561556	300f0a82481970e6e89271243f13cf24	551977583	570002846
CCIS07648107ST-4-0	Control	Public_study__ZellerG_2014	ERR478995	SAMEA2467014	ERS436771	https://ftp.sra.ebi.ac.uk/vol1/fastq/ERR478/ERR478995/ERR478995_1.fastq.gz	https://ftp.sra.ebi.ac.uk/vol1/fastq/ERR478/ERR478995/ERR478995_2.fastq.gz	262e1fb901d2ae5c4937a395e63b0fa3	0b39d79458b22b2e271d89a52dc33d8e	554023484	572418890
CCIS07648107ST-4-0	Control	Public_study__ZellerG_2014	ERR478996	SAMEA2467014	ERS436771	https://ftp.sra.ebi.ac.uk/vol1/fastq/ERR478/ERR478996/ERR478996_1.fastq.gz	https://ftp.sra.ebi.ac.uk/vol1/fastq/ERR478/ERR478996/ERR478996_2.fastq.gz	f0f99592ff916c49bb66156d41f58e04	4b71bafa6f2ebb12e389138f0cae7c68	554776032	570640151
CCIS07648107ST-4-0	Control	Public_study__ZellerG_2014	ERR478997	SAMEA2467014	ERS436771	https://ftp.sra.ebi.ac.uk/vol1/fastq/ERR478/ERR478997/ERR478997_1.fastq.gz	https://ftp.sra.ebi.ac.uk/vol1/fastq/ERR478/ERR478997/ERR478997_2.fastq.gz	9959572e31f878fa26afd828ae15a51e	c6748a6bdc1b4620130dbf44144c2887	549110695	562666013
CCIS08668806ST-3-0	Adenoma	Public_study__ZellerG_2014	ERR478998	SAMEA2466919	ERS436676	https://ftp.sra.ebi.ac.uk/vol1/fastq/ERR478/ERR478998/ERR478998_1.fastq.gz	https://ftp.sra.ebi.ac.uk/vol1/fastq/ERR478/ERR478998/ERR478998_2.fastq.gz	e0732c946f8253ecbe1a19d806f72b7c	8bc047c68a212a544ffb1e13be75e1ef	275847621	283628023
CCIS08668806ST-3-0	Adenoma	Public_study__ZellerG_2014	ERR478999	SAMEA2466919	ERS436676	https://ftp.sra.ebi.ac.uk/vol1/fastq/ERR478/ERR478999/ERR478999_1.fastq.gz	https://ftp.sra.ebi.ac.uk/vol1/fastq/ERR478/ERR478999/ERR478999_2.fastq.gz	0929dab5ff4f8d77e2c8751332c7e499	43a985e36654bbc70091f595f96c139d	297487081	303648714
CCIS09568613ST-4-0	Control	Public_study__ZellerG_2014	ERR479000	SAMEA2467035	ERS436792	https://ftp.sra.ebi.ac.uk/vol1/fastq/ERR479/ERR479000/ERR479000_1.fastq.gz	https://ftp.sra.ebi.ac.uk/vol1/fastq/ERR479/ERR479000/ERR479000_2.fastq.gz	9c2ba596ca4f861d9eb235e9865b3869	2e0616f9ff998f3ac96e4ebb1a7e77a1	621689110	631909658
CCIS09568613ST-4-0	Control	Public_study__ZellerG_2014	ERR479001	SAMEA2467035	ERS436792	https://ftp.sra.ebi.ac.uk/vol1/fastq/ERR479/ERR479001/ERR479001_1.fastq.gz	https://ftp.sra.ebi.ac.uk/vol1/fastq/ERR479/ERR479001/ERR479001_2.fastq.gz	6bfa628f3351f643725529dd6c06d9e8	32ac15c2526a77a094262f63603cf16c	618457254	630763964
CCIS09568613ST-4-0	Control	Public_study__ZellerG_2014	ERR479002	SAMEA2467035	ERS436792	https://ftp.sra.ebi.ac.uk/vol1/fastq/ERR479/ERR479002/ERR479002_1.fastq.gz	https://ftp.sra.ebi.ac.uk/vol1/fastq/ERR479/ERR479002/ERR479002_2.fastq.gz	764db88b47752a6c082314f0986bea0a	454b302c4ec701335b65945b7c337f1a	619960783	633612280
CCIS09568613ST-4-0	Control	Public_study__ZellerG_2014	ERR479003	SAMEA2467035	ERS436792	https://ftp.sra.ebi.ac.uk/vol1/fastq/ERR479/ERR479003/ERR479003_1.fastq.gz	https://ftp.sra.ebi.ac.uk/vol1/fastq/ERR479/ERR479003/ERR479003_2.fastq.gz	9ed526bb43728bbd9a8e538816257889	55ed32aaabd75560598eaa9057402375	620721399	632424998
CCIS10706551ST-3-0	Control	Public_study__ZellerG_2014	ERR479004	SAMEA2466912	ERS436669	https://ftp.sra.ebi.ac.uk/vol1/fastq/ERR479/ERR479004/ERR479004_1.fastq.gz	https://ftp.sra.ebi.ac.uk/vol1/fastq/ERR479/ERR479004/ERR479004_2.fastq.gz	8978b3a2d04b4d3d73311f95c68107a9	10df0f08c1fc42c5873a8e048bd55fdf	958057425	968920735
CCIS10706551ST-3-0	Control	Public_study__ZellerG_2014	ERR479005	SAMEA2466912	ERS436669	https://ftp.sra.ebi.ac.uk/vol1/fastq/ERR479/ERR479005/ERR479005_1.fastq.gz	https://ftp.sra.ebi.ac.uk/vol1/fastq/ERR479/ERR479005/ERR479005_2.fastq.gz	43261b350e2054afa6e260f8a53503f5	66d498151f99d09f98593f35e272f7ed	957827348	968013756
CCIS10793554ST-4-0	Adenoma	Public_study__ZellerG_2014	ERR479006	SAMEA2466967	ERS436724	https://ftp.sra.ebi.ac.uk/vol1/fastq/ERR479/ERR479006/ERR479006_1.fastq.gz	https://ftp.sra.ebi.ac.uk/vol1/fastq/ERR479/ERR479006/ERR479006_2.fastq.gz	2cd43ddb0765142c29f39065aa476e11	425e7725ea1b290572076e2234b65ed8	352151959	353321887
CCIS10793554ST-4-0	Adenoma	Public_study__ZellerG_2014	ERR479007	SAMEA2466967	ERS436724	https://ftp.sra.ebi.ac.uk/vol1/fastq/ERR479/ERR479007/ERR479007_1.fastq.gz	https://ftp.sra.ebi.ac.uk/vol1/fastq/ERR479/ERR479007/ERR479007_2.fastq.gz	68fe9bfea9db6ddaca83112fe06640a4	b7f94b7775576ba717ef31cda1553193	339045214	335741466
CCIS10793554ST-4-0	Adenoma	Public_study__ZellerG_2014	ERR479008	SAMEA2466967	ERS436724	https://ftp.sra.ebi.ac.uk/vol1/fastq/ERR479/ERR479008/ERR479008_1.fastq.gz	https://ftp.sra.ebi.ac.uk/vol1/fastq/ERR479/ERR479008/ERR479008_2.fastq.gz	6c417eecaf3b588ee8457901fed4d46f	af1fe74a70b9e354160dd1db7073b4e2	346360278	345992486
CCIS10793554ST-4-0	Adenoma	Public_study__ZellerG_2014	ERR479009	SAMEA2466967	ERS436724	https://ftp.sra.ebi.ac.uk/vol1/fastq/ERR479/ERR479009/ERR479009_1.fastq.gz	https://ftp.sra.ebi.ac.uk/vol1/fastq/ERR479/ERR479009/ERR479009_2.fastq.gz	17af709f09820c1dd9b6d1a4056999d7	dc15905c4815e7ba27522adc38b7019a	347993738	346856692
CCIS11015875ST-4-0	CRC	Public_study__ZellerG_2014	ERR479010	SAMEA2466993	ERS436750	https://ftp.sra.ebi.ac.uk/vol1/fastq/ERR479/ERR479010/ERR479010_1.fastq.gz	https://ftp.sra.ebi.ac.uk/vol1/fastq/ERR479/ERR479010/ERR479010_2.fastq.gz	caf75f2d112cd994dc8f048551ee0659	39d32691b2658ff30733459156f409b4	928500699	906579189
CCIS11015875ST-4-0	CRC	Public_study__ZellerG_2014	ERR479011	SAMEA2466993	ERS436750	https://ftp.sra.ebi.ac.uk/vol1/fastq/ERR479/ERR479011/ERR479011_1.fastq.gz	https://ftp.sra.ebi.ac.uk/vol1/fastq/ERR479/ERR479011/ERR479011_2.fastq.gz	7faef96fddc09a3525a085636cfe16e1	7c3812dece142239adeb84653b3187ba	1011654565	992186305
CCIS11019776ST-4-0	Adenoma	Public_study__ZellerG_2014	ERR479012	SAMEA2466962	ERS436719	https://ftp.sra.ebi.ac.uk/vol1/fastq/ERR479/ERR479012/ERR479012_1.fastq.gz	https://ftp.sra.ebi.ac.uk/vol1/fastq/ERR479/ERR479012/ERR479012_2.fastq.gz	aefabc1ae9090b03040212c3209ba2d3	fef4a8c049596136e4d48181a90898dd	821479229	820288444
CCIS11019776ST-4-0	Adenoma	Public_study__ZellerG_2014	ERR479013	SAMEA2466962	ERS436719	https://ftp.sra.ebi.ac.uk/vol1/fastq/ERR479/ERR479013/ERR479013_1.fastq.gz	https://ftp.sra.ebi.ac.uk/vol1/fastq/ERR479/ERR479013/ERR479013_2.fastq.gz	84c97be44fc31ea50e47bf4d6c5ef175	d888562fc0109638aa2bfb02a1eaa97d	809444740	807219499
CCIS11354283ST-4-0	Control	Public_study__ZellerG_2014	ERR479014	SAMEA2467025	ERS436782	https://ftp.sra.ebi.ac.uk/vol1/fastq/ERR479/ERR479014/ERR479014_1.fastq.gz	https://ftp.sra.ebi.ac.uk/vol1/fastq/ERR479/ERR479014/ERR479014_2.fastq.gz	f9d42a4801dba712d390d4587667de42	a9c1203600ff8a4628bfafc75797ac94	502477115	513538370
CCIS11354283ST-4-0	Control	Public_study__ZellerG_2014	ERR479015	SAMEA2467025	ERS436782	https://ftp.sra.ebi.ac.uk/vol1/fastq/ERR479/ERR479015/ERR479015_1.fastq.gz	https://ftp.sra.ebi.ac.uk/vol1/fastq/ERR479/ERR479015/ERR479015_2.fastq.gz	dccb30aa64ac0b6a32c439243e17249c	a1bb8fc4c660195d4d79711ff7ba89c7	504941464	516296311
CCIS11354283ST-4-0	Control	Public_study__ZellerG_2014	ERR479016	SAMEA2467025	ERS436782	https://ftp.sra.ebi.ac.uk/vol1/fastq/ERR479/ERR479016/ERR479016_1.fastq.gz	https://ftp.sra.ebi.ac.uk/vol1/fastq/ERR479/ERR479016/ERR479016_2.fastq.gz	6286eb4ee4187dab7d7c0f4762819c43	ebbf615896a4de472fa511e0462d94a8	504470164	513299560
CCIS11354283ST-4-0	Control	Public_study__ZellerG_2014	ERR479017	SAMEA2467025	ERS436782	https://ftp.sra.ebi.ac.uk/vol1/fastq/ERR479/ERR479017/ERR479017_1.fastq.gz	https://ftp.sra.ebi.ac.uk/vol1/fastq/ERR479/ERR479017/ERR479017_2.fastq.gz	bbfa16f02e279c97d14e176ecde135dd	6cfd1e4d4b02ad2753fd99e9e6a3a843	499362224	506449990
CCIS11362406ST-4-0	Control	Public_study__ZellerG_2014	ERR479018	SAMEA2466940	ERS436697	https://ftp.sra.ebi.ac.uk/vol1/fastq/ERR479/ERR479018/ERR479018_1.fastq.gz	https://ftp.sra.ebi.ac.uk/vol1/fastq/ERR479/ERR479018/ERR479018_2.fastq.gz	ce8cc3232bd399817a8dccfe6fed48a4	7488beb10de9cb63850c6f584d39f999	704267049	708382248
CCIS11362406ST-4-0	Control	Public_study__ZellerG_2014	ERR479019	SAMEA2466940	ERS436697	https://ftp.sra.ebi.ac.uk/vol1/fastq/ERR479/ERR479019/ERR479019_1.fastq.gz	https://ftp.sra.ebi.ac.uk/vol1/fastq/ERR479/ERR479019/ERR479019_2.fastq.gz	a5a572da0fb9a08230e8098bb655509b	2a273bf7c4c578020d6b456acfa28b09	781471477	790452488
CCIS11362406ST-4-0	Control	Public_study__ZellerG_2014	ERR479020	SAMEA2466940	ERS436697	https://ftp.sra.ebi.ac.uk/vol1/fastq/ERR479/ERR479020/ERR479020_1.fastq.gz	https://ftp.sra.ebi.ac.uk/vol1/fastq/ERR479/ERR479020/ERR479020_2.fastq.gz	80726820df1fdcba1adeb0142d434743	9096e730ecbd2edcc4e21a50d06d423b	800318237	806897125
CCIS11362406ST-4-0	Control	Public_study__ZellerG_2014	ERR479021	SAMEA2466940	ERS436697	https://ftp.sra.ebi.ac.uk/vol1/fastq/ERR479/ERR479021/ERR479021_1.fastq.gz	https://ftp.sra.ebi.ac.uk/vol1/fastq/ERR479/ERR479021/ERR479021_2.fastq.gz	0b8c380db5c17084098d19b965bfc5d5	5866ece2e9e1c7bfb85a4f73c7452c59	809342329	816214732
CCIS11558985ST-4-0	Control	Public_study__ZellerG_2014	ERR479022	SAMEA2467010	ERS436767	https://ftp.sra.ebi.ac.uk/vol1/fastq/ERR479/ERR479022/ERR479022_1.fastq.gz	https://ftp.sra.ebi.ac.uk/vol1/fastq/ERR479/ERR479022/ERR479022_2.fastq.gz	597e682e2c0fb4566913b39f97478fd1	a41a751d396f7e58a9b1a606e93dc8ea	676839433	690159158
CCIS11558985ST-4-0	Control	Public_study__ZellerG_2014	ERR479023	SAMEA2467010	ERS436767	https://ftp.sra.ebi.ac.uk/vol1/fastq/ERR479/ERR479023/ERR479023_1.fastq.gz	https://ftp.sra.ebi.ac.uk/vol1/fastq/ERR479/ERR479023/ERR479023_2.fastq.gz	09a650e188c46f590e12fa4b9c90b7c9	19f747b81e085dad10528a621dfc90d6	592087178	601605610
CCIS12370844ST-4-0	CRC	Public_study__ZellerG_2014	ERR479024	SAMEA2467000	ERS436757	https://ftp.sra.ebi.ac.uk/vol1/fastq/ERR479/ERR479024/ERR479024_1.fastq.gz	https://ftp.sra.ebi.ac.uk/vol1/fastq/ERR479/ERR479024/ERR479024_2.fastq.gz	1e261ba08b08da166542a5a962c1d6c1	12e4a7ce705fed06fd63294bb3877309	45446821	46079331
CCIS12370844ST-4-0	CRC	Public_study__ZellerG_2014	ERR479025	SAMEA2467000	ERS436757	https://ftp.sra.ebi.ac.uk/vol1/fastq/ERR479/ERR479025/ERR479025_1.fastq.gz	https://ftp.sra.ebi.ac.uk/vol1/fastq/ERR479/ERR479025/ERR479025_2.fastq.gz	942ddd9b300e368cbebe5fb74d874b88	e6a3dd4dd11f1e7d9d1fcf3ff19652a9	41330443	41798314
CCIS12370844ST-4-0	CRC	Public_study__ZellerG_2014	ERR479026	SAMEA2467000	ERS436757	https://ftp.sra.ebi.ac.uk/vol1/fastq/ERR479/ERR479026/ERR479026_1.fastq.gz	https://ftp.sra.ebi.ac.uk/vol1/fastq/ERR479/ERR479026/ERR479026_2.fastq.gz	ac1b8e04217e98f1e59d3834e0503595	a9ced7e7c830a2f6016d3d6f3a5e7131	27972272	27804774
CCIS12370844ST-4-0	CRC	Public_study__ZellerG_2014	ERR479027	SAMEA2467000	ERS436757	https://ftp.sra.ebi.ac.uk/vol1/fastq/ERR479/ERR479027/ERR479027_1.fastq.gz	https://ftp.sra.ebi.ac.uk/vol1/fastq/ERR479/ERR479027/ERR479027_2.fastq.gz	956218c310504e36f50a999fc3e77ac6	10194f467810b5c07192455a3298b061	26856648	27000969
CCIS12370844ST-4-0	CRC	Public_study__ZellerG_2014	ERR479028	SAMEA2467000	ERS436757	https://ftp.sra.ebi.ac.uk/vol1/fastq/ERR479/ERR479028/ERR479028_1.fastq.gz	https://ftp.sra.ebi.ac.uk/vol1/fastq/ERR479/ERR479028/ERR479028_2.fastq.gz	167a3f5146618922c6867aa6feaef607	8b4fd6a847e2158b76048d9b152e4657	4742390	4294916
CCIS12656533ST-4-0	CRC	Public_study__ZellerG_2014	ERR479029	SAMEA2466973	ERS436730	https://ftp.sra.ebi.ac.uk/vol1/fastq/ERR479/ERR479029/ERR479029_1.fastq.gz	https://ftp.sra.ebi.ac.uk/vol1/fastq/ERR479/ERR479029/ERR479029_2.fastq.gz	f036af653c40ca2cb45c3a24fa49ed38	14ed1b630af71dd5f11f560d5b7b8539	390924385	393525590
CCIS12656533ST-4-0	CRC	Public_study__ZellerG_2014	ERR479030	SAMEA2466973	ERS436730	https://ftp.sra.ebi.ac.uk/vol1/fastq/ERR479/ERR479030/ERR479030_1.fastq.gz	https://ftp.sra.ebi.ac.uk/vol1/fastq/ERR479/ERR479030/ERR479030_2.fastq.gz	d890b9a38494be4a7119f995557e7719	d1a14f812e8eb25ee91db24217ec7789	389093034	386976901
CCIS12656533ST-4-0	CRC	Public_study__ZellerG_2014	ERR479031	SAMEA2466973	ERS436730	https://ftp.sra.ebi.ac.uk/vol1/fastq/ERR479/ERR479031/ERR479031_1.fastq.gz	https://ftp.sra.ebi.ac.uk/vol1/fastq/ERR479/ERR479031/ERR479031_2.fastq.gz	3bafd366c47d734cf9482e512521d528	f86e9116a06720eda98d8bea6ade7f7c	360983173	368646576
CCIS12656533ST-4-0	CRC	Public_study__ZellerG_2014	ERR479032	SAMEA2466973	ERS436730	https://ftp.sra.ebi.ac.uk/vol1/fastq/ERR479/ERR479032/ERR479032_1.fastq.gz	https://ftp.sra.ebi.ac.uk/vol1/fastq/ERR479/ERR479032/ERR479032_2.fastq.gz	a4b6cff3be6798e36f36e11697679ae6	292941b43445c152c13b8c3a6cbbc6a1	387517770	387550954
CCIS13047523ST-4-0	Control	Public_study__ZellerG_2014	ERR479033	SAMEA2467011	ERS436768	https://ftp.sra.ebi.ac.uk/vol1/fastq/ERR479/ERR479033/ERR479033_1.fastq.gz	https://ftp.sra.ebi.ac.uk/vol1/fastq/ERR479/ERR479033/ERR479033_2.fastq.gz	f54852f5775bd656eefd9b9f39d0ad36	668737dcfc3f8eb21c75e5919d67c5ce	524644763	530485292
CCIS13047523ST-4-0	Control	Public_study__ZellerG_2014	ERR479034	SAMEA2467011	ERS436768	https://ftp.sra.ebi.ac.uk/vol1/fastq/ERR479/ERR479034/ERR479034_1.fastq.gz	https://ftp.sra.ebi.ac.uk/vol1/fastq/ERR479/ERR479034/ERR479034_2.fastq.gz	8bf9ed8415adaae13b6439a90fca8950	d5c9dbb0d848a68be2e4494ce560a994	518389172	525630627
CCIS13047523ST-4-0	Control	Public_study__ZellerG_2014	ERR479035	SAMEA2467011	ERS436768	https://ftp.sra.ebi.ac.uk/vol1/fastq/ERR479/ERR479035/ERR479035_1.fastq.gz	https://ftp.sra.ebi.ac.uk/vol1/fastq/ERR479/ERR479035/ERR479035_2.fastq.gz	9f37a907a2e7ccdb994441b5bcb9b98e	769b00760035a8313ef15501ce5bcc98	522796418	531351365
CCIS13047523ST-4-0	Control	Public_study__ZellerG_2014	ERR479036	SAMEA2467011	ERS436768	https://ftp.sra.ebi.ac.uk/vol1/fastq/ERR479/ERR479036/ERR479036_1.fastq.gz	https://ftp.sra.ebi.ac.uk/vol1/fastq/ERR479/ERR479036/ERR479036_2.fastq.gz	51df8e14863105999ebdee519873ba65	42bed20a3f28657233dad9658fb83263	522074528	529473509
CCIS14449628ST-4-0	CRC	Public_study__ZellerG_2014	ERR479037	SAMEA2466941	ERS436698	https://ftp.sra.ebi.ac.uk/vol1/fastq/ERR479/ERR479037/ERR479037_1.fastq.gz	https://ftp.sra.ebi.ac.uk/vol1/fastq/ERR479/ERR479037/ERR479037_2.fastq.gz	38893c81a711ca17c1cd6b20866e4b73	e26825042e054913aec1229661309e65	918611799	913030272
CCIS14449628ST-4-0	CRC	Public_study__ZellerG_2014	ERR479038	SAMEA2466941	ERS436698	https://ftp.sra.ebi.ac.uk/vol1/fastq/ERR479/ERR479038/ERR479038_1.fastq.gz	https://ftp.sra.ebi.ac.uk/vol1/fastq/ERR479/ERR479038/ERR479038_2.fastq.gz	e9861f10cfdbac4e788fedb44b5d3e98	ed0b97b412a140dfcfb5ddc171573bb1	772482820	758709868
CCIS15704761ST-4-0	CRC	Public_study__ZellerG_2014	ERR479039	SAMEA2467009	ERS436766	https://ftp.sra.ebi.ac.uk/vol1/fastq/ERR479/ERR479039/ERR479039_1.fastq.gz	https://ftp.sra.ebi.ac.uk/vol1/fastq/ERR479/ERR479039/ERR479039_2.fastq.gz	30013dd2a155e7f2d87afdc75695cb97	e2ac6cfd2f25531171b1706ab08e7f33	724151097	745608788
CCIS15704761ST-4-0	CRC	Public_study__ZellerG_2014	ERR479040	SAMEA2467009	ERS436766	https://ftp.sra.ebi.ac.uk/vol1/fastq/ERR479/ERR479040/ERR479040_1.fastq.gz	https://ftp.sra.ebi.ac.uk/vol1/fastq/ERR479/ERR479040/ERR479040_2.fastq.gz	2fd32c3c9110ba38e9915c9df2714ace	63e154f85a87b4133e8a79e03cc6063b	672072206	683889299
CCIS15794887ST-4-0	Control	Public_study__ZellerG_2014	ERR479041	SAMEA2466888	ERS436645	https://ftp.sra.ebi.ac.uk/vol1/fastq/ERR479/ERR479041/ERR479041_1.fastq.gz	https://ftp.sra.ebi.ac.uk/vol1/fastq/ERR479/ERR479041/ERR479041_2.fastq.gz	f9469518e9e08c3ff5b8b8f1866ec811	ea69bd49a5a61fd45e30098f02920982	635172935	642338751
CCIS15794887ST-4-0	Control	Public_study__ZellerG_2014	ERR479042	SAMEA2466888	ERS436645	https://ftp.sra.ebi.ac.uk/vol1/fastq/ERR479/ERR479042/ERR479042_1.fastq.gz	https://ftp.sra.ebi.ac.uk/vol1/fastq/ERR479/ERR479042/ERR479042_2.fastq.gz	fdb4caadbd5befd552de84e0955b36d4	1b8daa4f6c8418d52b47dfe688771ac9	806334314	822637029
CCIS16326685ST-4-0	Control	Public_study__ZellerG_2014	ERR479043	SAMEA2466961	ERS436718	https://ftp.sra.ebi.ac.uk/vol1/fastq/ERR479/ERR479043/ERR479043_1.fastq.gz	https://ftp.sra.ebi.ac.uk/vol1/fastq/ERR479/ERR479043/ERR479043_2.fastq.gz	c656669c268012a39be909ff07bfa3ba	fd453d17065386dc457449593c13f1c7	951950400	956795748
CCIS16326685ST-4-0	Control	Public_study__ZellerG_2014	ERR479044	SAMEA2466961	ERS436718	https://ftp.sra.ebi.ac.uk/vol1/fastq/ERR479/ERR479044/ERR479044_1.fastq.gz	https://ftp.sra.ebi.ac.uk/vol1/fastq/ERR479/ERR479044/ERR479044_2.fastq.gz	5ab0d1e384e40b07d6a6c228a48b91bc	b8502214bb14f006f9f206edb71631f2	881969128	891792583
CCIS16383318ST-4-0	Control	Public_study__ZellerG_2014	ERR479045	SAMEA2467017	ERS436774	https://ftp.sra.ebi.ac.uk/vol1/fastq/ERR479/ERR479045/ERR479045_1.fastq.gz	https://ftp.sra.ebi.ac.uk/vol1/fastq/ERR479/ERR479045/ERR479045_2.fastq.gz	cc69044fd538af04361e306304feee1f	d861d339bd23dfa0479476d58755ecc1	633233296	649739911
CCIS16383318ST-4-0	Control	Public_study__ZellerG_2014	ERR479046	SAMEA2467017	ERS436774	https://ftp.sra.ebi.ac.uk/vol1/fastq/ERR479/ERR479046/ERR479046_1.fastq.gz	https://ftp.sra.ebi.ac.uk/vol1/fastq/ERR479/ERR479046/ERR479046_2.fastq.gz	0d8a4a788ebdba64b4cec96b9620035c	62872a2674a0aba9191970ea2ecc612c	638166309	654972388
CCIS16383318ST-4-0	Control	Public_study__ZellerG_2014	ERR479047	SAMEA2467017	ERS436774	https://ftp.sra.ebi.ac.uk/vol1/fastq/ERR479/ERR479047/ERR479047_1.fastq.gz	https://ftp.sra.ebi.ac.uk/vol1/fastq/ERR479/ERR479047/ERR479047_2.fastq.gz	0911a796008c41774e3a9c1b9c78cb2e	2997f00c94dfa9d4705f6ccd02243150	639952586	653729915
CCIS16383318ST-4-0	Control	Public_study__ZellerG_2014	ERR479048	SAMEA2467017	ERS436774	https://ftp.sra.ebi.ac.uk/vol1/fastq/ERR479/ERR479048/ERR479048_1.fastq.gz	https://ftp.sra.ebi.ac.uk/vol1/fastq/ERR479/ERR479048/ERR479048_2.fastq.gz	4edacd181c35991dfc4657fe8a5b9ffb	e758dc151e9e38ae3c25319a178a3a96	634641660	646208780
CCIS16561622ST-4-0	Control	Public_study__ZellerG_2014	ERR479049	SAMEA2466890	ERS436647	https://ftp.sra.ebi.ac.uk/vol1/fastq/ERR479/ERR479049/ERR479049_1.fastq.gz	https://ftp.sra.ebi.ac.uk/vol1/fastq/ERR479/ERR479049/ERR479049_2.fastq.gz	f8968394b4f2c8006e5971ccb19c05d8	8233e8233dc688b467da12179006052c	732184708	739508815
CCIS16561622ST-4-0	Control	Public_study__ZellerG_2014	ERR479050	SAMEA2466890	ERS436647	https://ftp.sra.ebi.ac.uk/vol1/fastq/ERR479/ERR479050/ERR479050_1.fastq.gz	https://ftp.sra.ebi.ac.uk/vol1/fastq/ERR479/ERR479050/ERR479050_2.fastq.gz	68f567a15f43be12a537ecc6c8e9331a	9a4d5c03121b74169177ce40b9c0c1cc	735796093	743679358
CCIS16561622ST-4-0	Control	Public_study__ZellerG_2014	ERR479051	SAMEA2466890	ERS436647	https://ftp.sra.ebi.ac.uk/vol1/fastq/ERR479/ERR479051/ERR479051_1.fastq.gz	https://ftp.sra.ebi.ac.uk/vol1/fastq/ERR479/ERR479051/ERR479051_2.fastq.gz	90e13ce2d0186a0179f17162d0a3d8a5	938c879e11f098d851dcd564b8580557	751725095	761351779
CCIS16561622ST-4-0	Control	Public_study__ZellerG_2014	ERR479052	SAMEA2466890	ERS436647	https://ftp.sra.ebi.ac.uk/vol1/fastq/ERR479/ERR479052/ERR479052_1.fastq.gz	https://ftp.sra.ebi.ac.uk/vol1/fastq/ERR479/ERR479052/ERR479052_2.fastq.gz	0a5fe46753a38dd393e28b12673074f8	3f1b40fb1b4ec2f98e4ea47d41adbca3	732810882	733871413
CCIS17669415ST-4-0	CRC	Public_study__ZellerG_2014	ERR479053	SAMEA2466904	ERS436661	https://ftp.sra.ebi.ac.uk/vol1/fastq/ERR479/ERR479053/ERR479053_1.fastq.gz	https://ftp.sra.ebi.ac.uk/vol1/fastq/ERR479/ERR479053/ERR479053_2.fastq.gz	dd8c80f47b444756764a55f95393edb2	ad29103bcb67c6c4d85d58c684f8b41b	432237889	442554185
CCIS17669415ST-4-0	CRC	Public_study__ZellerG_2014	ERR479054	SAMEA2466904	ERS436661	https://ftp.sra.ebi.ac.uk/vol1/fastq/ERR479/ERR479054/ERR479054_1.fastq.gz	https://ftp.sra.ebi.ac.uk/vol1/fastq/ERR479/ERR479054/ERR479054_2.fastq.gz	52538ecab4f2259ce2095fc297a94b27	f1fa46ebdf53a2978503dacacfa5d9ce	377644655	387468565
CCIS17669415ST-4-0	CRC	Public_study__ZellerG_2014	ERR479055	SAMEA2466904	ERS436661	https://ftp.sra.ebi.ac.uk/vol1/fastq/ERR479/ERR479055/ERR479055_1.fastq.gz	https://ftp.sra.ebi.ac.uk/vol1/fastq/ERR479/ERR479055/ERR479055_2.fastq.gz	a43399b4a1de4154faca7e81fc92d264	5f48300478437697b2e4843ddca43b41	734361843	740310076
CCIS17669415ST-4-0	CRC	Public_study__ZellerG_2014	ERR479056	SAMEA2466904	ERS436661	https://ftp.sra.ebi.ac.uk/vol1/fastq/ERR479/ERR479056/ERR479056_1.fastq.gz	https://ftp.sra.ebi.ac.uk/vol1/fastq/ERR479/ERR479056/ERR479056_2.fastq.gz	11cba26332d47fddd4707ce0f041f907	fa76de6774a4c75a12830b7fd2d39942	731202961	737084468
CCIS19142497ST-3-0	Adenoma	Public_study__ZellerG_2014	ERR479057	SAMEA2466893	ERS436650	https://ftp.sra.ebi.ac.uk/vol1/fastq/ERR479/ERR479057/ERR479057_1.fastq.gz	https://ftp.sra.ebi.ac.uk/vol1/fastq/ERR479/ERR479057/ERR479057_2.fastq.gz	f1ee82cc7910de91b050f71e29fdc41c	5f4bad093d82a3f0e3ea465f12f96b6e	474027316	517230660
CCIS19142497ST-3-0	Adenoma	Public_study__ZellerG_2014	ERR479058	SAMEA2466893	ERS436650	https://ftp.sra.ebi.ac.uk/vol1/fastq/ERR479/ERR479058/ERR479058_1.fastq.gz	https://ftp.sra.ebi.ac.uk/vol1/fastq/ERR479/ERR479058/ERR479058_2.fastq.gz	dfc6dda08ce304cb581045bad96a1154	67c5ceca59b079cce4b31bf79cbf59e5	360157735	400932607
CCIS20795251ST-4-0	Control	Public_study__ZellerG_2014	ERR479059	SAMEA2467027	ERS436784	https://ftp.sra.ebi.ac.uk/vol1/fastq/ERR479/ERR479059/ERR479059_1.fastq.gz	https://ftp.sra.ebi.ac.uk/vol1/fastq/ERR479/ERR479059/ERR479059_2.fastq.gz	dae9043fc4c55beade640402500bd648	7e0b1b6537e03379bbc0bbe87837059e	411677007	419940505
CCIS20795251ST-4-0	Control	Public_study__ZellerG_2014	ERR479060	SAMEA2467027	ERS436784	https://ftp.sra.ebi.ac.uk/vol1/fastq/ERR479/ERR479060/ERR479060_1.fastq.gz	https://ftp.sra.ebi.ac.uk/vol1/fastq/ERR479/ERR479060/ERR479060_2.fastq.gz	664945cf5358061f26b747e2878a2244	e81ef5341d8bc55f69bd1965127ff450	405977081	415560545
CCIS20795251ST-4-0	Control	Public_study__ZellerG_2014	ERR479061	SAMEA2467027	ERS436784	https://ftp.sra.ebi.ac.uk/vol1/fastq/ERR479/ERR479061/ERR479061_1.fastq.gz	https://ftp.sra.ebi.ac.uk/vol1/fastq/ERR479/ERR479061/ERR479061_2.fastq.gz	20417bcf4eb49dcc409f6b0cc607086c	4eca6ca70e87613fd95bbc410cf7b1d5	405527333	415720388
CCIS20795251ST-4-0	Control	Public_study__ZellerG_2014	ERR479062	SAMEA2467027	ERS436784	https://ftp.sra.ebi.ac.uk/vol1/fastq/ERR479/ERR479062/ERR479062_1.fastq.gz	https://ftp.sra.ebi.ac.uk/vol1/fastq/ERR479/ERR479062/ERR479062_2.fastq.gz	a6d69c803e6efe1509e19b4f0d9092f4	91de0a403475870394203e8e3da5930d	408811347	418340342
CCIS21126322ST-4-0	Control	Public_study__ZellerG_2014	ERR479063	SAMEA2466903	ERS436660	https://ftp.sra.ebi.ac.uk/vol1/fastq/ERR479/ERR479063/ERR479063_1.fastq.gz	https://ftp.sra.ebi.ac.uk/vol1/fastq/ERR479/ERR479063/ERR479063_2.fastq.gz	c6e0b528781264226cd62dc104b9ab03	3b7259f7ff4c638b0f352b13486028ce	1204472228	1210945013
CCIS21126322ST-4-0	Control	Public_study__ZellerG_2014	ERR479064	SAMEA2466903	ERS436660	https://ftp.sra.ebi.ac.uk/vol1/fastq/ERR479/ERR479064/ERR479064_1.fastq.gz	https://ftp.sra.ebi.ac.uk/vol1/fastq/ERR479/ERR479064/ERR479064_2.fastq.gz	bee5e52e86401081717234bbd4aa7c84	805f41c2528cf6d7f2800610401fed2e	1501787435	1525345071
CCIS21278152ST-4-0	CRC	Public_study__ZellerG_2014	ERR479065	SAMEA2466942	ERS436699	https://ftp.sra.ebi.ac.uk/vol1/fastq/ERR479/ERR479065/ERR479065_1.fastq.gz	https://ftp.sra.ebi.ac.uk/vol1/fastq/ERR479/ERR479065/ERR479065_2.fastq.gz	a27540c646bb8ae12f8321303ab4703d	810d12b20e2cd5e18e352974d4be5fe3	897062378	899110710
CCIS21278152ST-4-0	CRC	Public_study__ZellerG_2014	ERR479066	SAMEA2466942	ERS436699	https://ftp.sra.ebi.ac.uk/vol1/fastq/ERR479/ERR479066/ERR479066_1.fastq.gz	https://ftp.sra.ebi.ac.uk/vol1/fastq/ERR479/ERR479066/ERR479066_2.fastq.gz	ff29ca41b2da51df7363ff90cb20b967	075878f48654f47425f56d86b36dcf4e	830220789	846976660
CCIS22275061ST-4-0	Adenoma	Public_study__ZellerG_2014	ERR479067	SAMEA2466910	ERS436667	https://ftp.sra.ebi.ac.uk/vol1/fastq/ERR479/ERR479067/ERR479067_1.fastq.gz	https://ftp.sra.ebi.ac.uk/vol1/fastq/ERR479/ERR479067/ERR479067_2.fastq.gz	350dff94cb70579b6394d88699d18637	44826eb98c491db9429849366265ad63	696198048	702421368
CCIS22275061ST-4-0	Adenoma	Public_study__ZellerG_2014	ERR479068	SAMEA2466910	ERS436667	https://ftp.sra.ebi.ac.uk/vol1/fastq/ERR479/ERR479068/ERR479068_1.fastq.gz	https://ftp.sra.ebi.ac.uk/vol1/fastq/ERR479/ERR479068/ERR479068_2.fastq.gz	0027a39df8091847084cfdeec4e68c54	4329fe5a857dc70d13915b24a55fe85a	775939369	790533054
CCIS22275061ST-4-0	Adenoma	Public_study__ZellerG_2014	ERR479069	SAMEA2466910	ERS436667	https://ftp.sra.ebi.ac.uk/vol1/fastq/ERR479/ERR479069/ERR479069_1.fastq.gz	https://ftp.sra.ebi.ac.uk/vol1/fastq/ERR479/ERR479069/ERR479069_2.fastq.gz	c07fa3dcd8ee4e396173732b72f092fa	1381524ad04519427bd6138e3b24748c	796731710	809840045
CCIS22275061ST-4-0	Adenoma	Public_study__ZellerG_2014	ERR479070	SAMEA2466910	ERS436667	https://ftp.sra.ebi.ac.uk/vol1/fastq/ERR479/ERR479070/ERR479070_1.fastq.gz	https://ftp.sra.ebi.ac.uk/vol1/fastq/ERR479/ERR479070/ERR479070_2.fastq.gz	5665e84a0238a7ec2fd12f1bb06f4d6d	7cff1b46df96411b23b4d75ce0fb70e6	801924693	815607099
CCIS22416007ST-4-0	CRC	Public_study__ZellerG_2014	ERR479071	SAMEA2466997	ERS436754	https://ftp.sra.ebi.ac.uk/vol1/fastq/ERR479/ERR479071/ERR479071_1.fastq.gz	https://ftp.sra.ebi.ac.uk/vol1/fastq/ERR479/ERR479071/ERR479071_2.fastq.gz	c18c315c48be794144a6626194403bd3	2f21056d7111f68194f0909a9230e749	699725404	704270287
CCIS22416007ST-4-0	CRC	Public_study__ZellerG_2014	ERR479072	SAMEA2466997	ERS436754	https://ftp.sra.ebi.ac.uk/vol1/fastq/ERR479/ERR479072/ERR479072_1.fastq.gz	https://ftp.sra.ebi.ac.uk/vol1/fastq/ERR479/ERR479072/ERR479072_2.fastq.gz	98fd65e5d85463d230213eb8d362fa80	a5641283accde60adc139a637afdb512	700696611	705876157
CCIS22416007ST-4-0	CRC	Public_study__ZellerG_2014	ERR479073	SAMEA2466997	ERS436754	https://ftp.sra.ebi.ac.uk/vol1/fastq/ERR479/ERR479073/ERR479073_1.fastq.gz	https://ftp.sra.ebi.ac.uk/vol1/fastq/ERR479/ERR479073/ERR479073_2.fastq.gz	8ad8caae878de2fc9950c106fa20fc19	9bbba021d7abb93d5817cb920681f6a1	715507109	722380577
CCIS22416007ST-4-0	CRC	Public_study__ZellerG_2014	ERR479074	SAMEA2466997	ERS436754	https://ftp.sra.ebi.ac.uk/vol1/fastq/ERR479/ERR479074/ERR479074_1.fastq.gz	https://ftp.sra.ebi.ac.uk/vol1/fastq/ERR479/ERR479074/ERR479074_2.fastq.gz	fa87e97a5d1a5935aaf18676565bbf1c	a816ee9c8ddbcefefafaff4265706443	710012933	710489000
CCIS22906510ST-20-0	Adenoma	Public_study__ZellerG_2014	ERR479075	SAMEA2467003	ERS436760	https://ftp.sra.ebi.ac.uk/vol1/fastq/ERR479/ERR479075/ERR479075_1.fastq.gz	https://ftp.sra.ebi.ac.uk/vol1/fastq/ERR479/ERR479075/ERR479075_2.fastq.gz	93ae6497e0a63436895c0842c3e55d50	a00e91bfb3d1147e153031edf44ae3ae	1495174161	1511198588
CCIS22906510ST-20-0	Adenoma	Public_study__ZellerG_2014	ERR479076	SAMEA2467003	ERS436760	https://ftp.sra.ebi.ac.uk/vol1/fastq/ERR479/ERR479076/ERR479076_1.fastq.gz	https://ftp.sra.ebi.ac.uk/vol1/fastq/ERR479/ERR479076/ERR479076_2.fastq.gz	6a901472f873deda481b5bd691a43084	e87c82bc21eaeff6c0f61c280ef8be4e	1559365032	1575364501
CCIS22958137ST-20-0	CRC	Public_study__ZellerG_2014	ERR479077	SAMEA2466957	ERS436714	https://ftp.sra.ebi.ac.uk/vol1/fastq/ERR479/ERR479077/ERR479077_1.fastq.gz	https://ftp.sra.ebi.ac.uk/vol1/fastq/ERR479/ERR479077/ERR479077_2.fastq.gz	11740915b250babf4fa4609a62bd273d	3d00b5225522296849e03fe9a02978ca	1757009562	1763190303
CCIS22958137ST-20-0	CRC	Public_study__ZellerG_2014	ERR479078	SAMEA2466957	ERS436714	https://ftp.sra.ebi.ac.uk/vol1/fastq/ERR479/ERR479078/ERR479078_1.fastq.gz	https://ftp.sra.ebi.ac.uk/vol1/fastq/ERR479/ERR479078/ERR479078_2.fastq.gz	8e7b95182a8f1a9ffb35afab11c3794f	3bef996bcf7f8566ee5110047358eac0	1739955897	1744286533
CCIS23164343ST-4-0	Control	Public_study__ZellerG_2014	ERR479079	SAMEA2467030	ERS436787	https://ftp.sra.ebi.ac.uk/vol1/fastq/ERR479/ERR479079/ERR479079_1.fastq.gz	https://ftp.sra.ebi.ac.uk/vol1/fastq/ERR479/ERR479079/ERR479079_2.fastq.gz	7445d556a80c41ef1c247f28710c9b73	1fbea584e8d543c8323be09dbbe7f513	564484817	574386211
CCIS23164343ST-4-0	Control	Public_study__ZellerG_2014	ERR479080	SAMEA2467030	ERS436787	https://ftp.sra.ebi.ac.uk/vol1/fastq/ERR479/ERR479080/ERR479080_1.fastq.gz	https://ftp.sra.ebi.ac.uk/vol1/fastq/ERR479/ERR479080/ERR479080_2.fastq.gz	db628474dd472dfa3c60266622203231	b8efada241c4976000290e81e9832920	568333949	578340108
CCIS23164343ST-4-0	Control	Public_study__ZellerG_2014	ERR479081	SAMEA2467030	ERS436787	https://ftp.sra.ebi.ac.uk/vol1/fastq/ERR479/ERR479081/ERR479081_1.fastq.gz	https://ftp.sra.ebi.ac.uk/vol1/fastq/ERR479/ERR479081/ERR479081_2.fastq.gz	990103538c27d0dcc6e362386ebe4e40	ddcba16ec9bc9b35c89592fbfa64d8ba	570360328	577964955
CCIS23164343ST-4-0	Control	Public_study__ZellerG_2014	ERR479082	SAMEA2467030	ERS436787	https://ftp.sra.ebi.ac.uk/vol1/fastq/ERR479/ERR479082/ERR479082_1.fastq.gz	https://ftp.sra.ebi.ac.uk/vol1/fastq/ERR479/ERR479082/ERR479082_2.fastq.gz	b2f614a8475e1d52dcdc2355af476d6c	e9492230b5529bbe6684439a2132c114	566939262	572589901
CCIS24254057ST-4-0	CRC	Public_study__ZellerG_2014	ERR479083	SAMEA2466987	ERS436744	https://ftp.sra.ebi.ac.uk/vol1/fastq/ERR479/ERR479083/ERR479083_1.fastq.gz	https://ftp.sra.ebi.ac.uk/vol1/fastq/ERR479/ERR479083/ERR479083_2.fastq.gz	9d90471fff00b6619cdb78925c0bc9f5	b1a72f632112046f9d0a9d7f0e852dc2	2306037082	2330156117
CCIS24254057ST-4-0	CRC	Public_study__ZellerG_2014	ERR479084	SAMEA2466987	ERS436744	https://ftp.sra.ebi.ac.uk/vol1/fastq/ERR479/ERR479084/ERR479084_1.fastq.gz	https://ftp.sra.ebi.ac.uk/vol1/fastq/ERR479/ERR479084/ERR479084_2.fastq.gz	24fb19c73c9e8d6a38a6faa8c7f62e2d	14788b279b952a77bd7595b368395344	2314368217	2335060719
CCIS24898163ST-4-0	Adenoma	Public_study__ZellerG_2014	ERR479085	SAMEA2466929	ERS436686	https://ftp.sra.ebi.ac.uk/vol1/fastq/ERR479/ERR479085/ERR479085_1.fastq.gz	https://ftp.sra.ebi.ac.uk/vol1/fastq/ERR479/ERR479085/ERR479085_2.fastq.gz	42b0253fc5451afbaffd0178fa1e425f	fe747b66674fd5adebaf576cd84616ce	70798183	72506472
CCIS24898163ST-4-0	Adenoma	Public_study__ZellerG_2014	ERR479086	SAMEA2466929	ERS436686	https://ftp.sra.ebi.ac.uk/vol1/fastq/ERR479/ERR479086/ERR479086_1.fastq.gz	https://ftp.sra.ebi.ac.uk/vol1/fastq/ERR479/ERR479086/ERR479086_2.fastq.gz	330f2bce07c558944ccd159dd3cdc29a	f3e893cc576aba75193adff3ac4f6345	76795004	78210998
CCIS24898163ST-4-0	Adenoma	Public_study__ZellerG_2014	ERR479087	SAMEA2466929	ERS436686	https://ftp.sra.ebi.ac.uk/vol1/fastq/ERR479/ERR479087/ERR479087_1.fastq.gz	https://ftp.sra.ebi.ac.uk/vol1/fastq/ERR479/ERR479087/ERR479087_2.fastq.gz	7f2b7194a8f6ff7d8b3ffafeec8631f2	9891af743363a26c6b7d2959b541edef	246253076	246981991
CCIS25399172ST-4-0	Adenoma	Public_study__ZellerG_2014	ERR479088	SAMEA2466943	ERS436700	https://ftp.sra.ebi.ac.uk/vol1/fastq/ERR479/ERR479088/ERR479088_1.fastq.gz	https://ftp.sra.ebi.ac.uk/vol1/fastq/ERR479/ERR479088/ERR479088_2.fastq.gz	1b7e09425d3591ecaad2f43c4b1768e0	22517affe79c51221b2239ccac392a71	116759144	118983021
CCIS25399172ST-4-0	Adenoma	Public_study__ZellerG_2014	ERR479089	SAMEA2466943	ERS436700	https://ftp.sra.ebi.ac.uk/vol1/fastq/ERR479/ERR479089/ERR479089_1.fastq.gz	https://ftp.sra.ebi.ac.uk/vol1/fastq/ERR479/ERR479089/ERR479089_2.fastq.gz	eff2502ff30fe9025a0ce21dc7a57330	580bbe90e91605d6e41f71947597650f	115816156	116762224
CCIS25399172ST-4-0	Adenoma	Public_study__ZellerG_2014	ERR479090	SAMEA2466943	ERS436700	https://ftp.sra.ebi.ac.uk/vol1/fastq/ERR479/ERR479090/ERR479090_1.fastq.gz	https://ftp.sra.ebi.ac.uk/vol1/fastq/ERR479/ERR479090/ERR479090_2.fastq.gz	acd5d00e68a9fea2975d9b9a26ea2a12	49d728d35fa121591dbf5de397fad897	705771342	711306077
CCIS27304052ST-3-0	Control	Public_study__ZellerG_2014	ERR479091	SAMEA2466887	ERS436644	https://ftp.sra.ebi.ac.uk/vol1/fastq/ERR479/ERR479091/ERR479091_1.fastq.gz	https://ftp.sra.ebi.ac.uk/vol1/fastq/ERR479/ERR479091/ERR479091_2.fastq.gz	7965d13fbb9e39a7977c77a4304a7033	5923fc2c54a983c058c7e6b7d11241bc	655925513	702024721
CCIS27304052ST-3-0	Control	Public_study__ZellerG_2014	ERR479092	SAMEA2466887	ERS436644	https://ftp.sra.ebi.ac.uk/vol1/fastq/ERR479/ERR479092/ERR479092_1.fastq.gz	https://ftp.sra.ebi.ac.uk/vol1/fastq/ERR479/ERR479092/ERR479092_2.fastq.gz	4a1b266c5ee840b0390320d122bdc617	b9a331e3d85836113a1ed21511d89ccd	618346412	677088021
CCIS27927933ST-4-0	Control	Public_study__ZellerG_2014	ERR479093	SAMEA2466900	ERS436657	https://ftp.sra.ebi.ac.uk/vol1/fastq/ERR479/ERR479093/ERR479093_1.fastq.gz	https://ftp.sra.ebi.ac.uk/vol1/fastq/ERR479/ERR479093/ERR479093_2.fastq.gz	9cdb69c36a9c24af160caf7215e5f1d8	d03cc50bba52f61aab63627cbc1e7207	702541952	730448715
CCIS27927933ST-4-0	Control	Public_study__ZellerG_2014	ERR479094	SAMEA2466900	ERS436657	https://ftp.sra.ebi.ac.uk/vol1/fastq/ERR479/ERR479094/ERR479094_1.fastq.gz	https://ftp.sra.ebi.ac.uk/vol1/fastq/ERR479/ERR479094/ERR479094_2.fastq.gz	61ca56d034dcf1110d4f251135df1710	0e30ef28463d67ed755cd60811ebb56e	697109706	706809329
CCIS27927933ST-4-0	Control	Public_study__ZellerG_2014	ERR479095	SAMEA2466900	ERS436657	https://ftp.sra.ebi.ac.uk/vol1/fastq/ERR479/ERR479095/ERR479095_1.fastq.gz	https://ftp.sra.ebi.ac.uk/vol1/fastq/ERR479/ERR479095/ERR479095_2.fastq.gz	ca44078baf284c38238ef6ea59c68815	159edc33858593e1d6b6fcca784e3ef7	715320764	745156572
CCIS27927933ST-4-0	Control	Public_study__ZellerG_2014	ERR479096	SAMEA2466900	ERS436657	https://ftp.sra.ebi.ac.uk/vol1/fastq/ERR479/ERR479096/ERR479096_1.fastq.gz	https://ftp.sra.ebi.ac.uk/vol1/fastq/ERR479/ERR479096/ERR479096_2.fastq.gz	8bab74e228dcbb8ab3ec0a2d1f0d69ca	fac687646731a948e56db67e03c98239	703667835	725862491
CCIS28384594ST-4-0	Adenoma	Public_study__ZellerG_2014	ERR479097	SAMEA2466939	ERS436696	https://ftp.sra.ebi.ac.uk/vol1/fastq/ERR479/ERR479097/ERR479097_1.fastq.gz	https://ftp.sra.ebi.ac.uk/vol1/fastq/ERR479/ERR479097/ERR479097_2.fastq.gz	2584c81e2e736cab865b673a97d379e0	ec0798f9b6176de3882f512ac7c54ec0	914092182	914025384
CCIS28384594ST-4-0	Adenoma	Public_study__ZellerG_2014	ERR479098	SAMEA2466939	ERS436696	https://ftp.sra.ebi.ac.uk/vol1/fastq/ERR479/ERR479098/ERR479098_1.fastq.gz	https://ftp.sra.ebi.ac.uk/vol1/fastq/ERR479/ERR479098/ERR479098_2.fastq.gz	8e78b3487f67bd7cfa4ea45dcbebd501	5c0a0793ef33e38dd032da5d48cae0a3	907135308	910088759
CCIS29210128ST-4-0	Control	Public_study__ZellerG_2014	ERR479099	SAMEA2466907	ERS436664	https://ftp.sra.ebi.ac.uk/vol1/fastq/ERR479/ERR479099/ERR479099_1.fastq.gz	https://ftp.sra.ebi.ac.uk/vol1/fastq/ERR479/ERR479099/ERR479099_2.fastq.gz	022d68c9a125616823ec4fffc16dab74	7ef06359ff7d7fb75f44bcd37cfd28ae	823825486	834556926
CCIS29210128ST-4-0	Control	Public_study__ZellerG_2014	ERR479100	SAMEA2466907	ERS436664	https://ftp.sra.ebi.ac.uk/vol1/fastq/ERR479/ERR479100/ERR479100_1.fastq.gz	https://ftp.sra.ebi.ac.uk/vol1/fastq/ERR479/ERR479100/ERR479100_2.fastq.gz	c7f829e8046474257ca0301c1aee3a48	a1d3ad7d2592b9fb470eff8799e7a723	812130810	822376450
CCIS29688262ST-20-0	Control	Public_study__ZellerG_2014	ERR479101	SAMEA2466933	ERS436690	https://ftp.sra.ebi.ac.uk/vol1/fastq/ERR479/ERR479101/ERR479101_1.fastq.gz	https://ftp.sra.ebi.ac.uk/vol1/fastq/ERR479/ERR479101/ERR479101_2.fastq.gz	d219674e1d6cbbd239ddc98684e840bb	b1c525c8215f4adb5cbb289cb1fef58a	1457517960	1471593805
CCIS29688262ST-20-0	Control	Public_study__ZellerG_2014	ERR479102	SAMEA2466933	ERS436690	https://ftp.sra.ebi.ac.uk/vol1/fastq/ERR479/ERR479102/ERR479102_1.fastq.gz	https://ftp.sra.ebi.ac.uk/vol1/fastq/ERR479/ERR479102/ERR479102_2.fastq.gz	4f865e2cee12637c9a8d7e96dddf5cc2	868e8c194e9c0652f437b7dca8dd60d4	1485764823	1499768194
CCIS31434951ST-20-0	Adenoma	Public_study__ZellerG_2014	ERR479103	SAMEA2466971	ERS436728	https://ftp.sra.ebi.ac.uk/vol1/fastq/ERR479/ERR479103/ERR479103_1.fastq.gz	https://ftp.sra.ebi.ac.uk/vol1/fastq/ERR479/ERR479103/ERR479103_2.fastq.gz	203b23a2ead53907019c84b1b654cd38	e8d9916b7a1e3ae2fcd3a8a5ca8deddc	511253986	516515207
CCIS31434951ST-20-0	Adenoma	Public_study__ZellerG_2014	ERR479104	SAMEA2466971	ERS436728	https://ftp.sra.ebi.ac.uk/vol1/fastq/ERR479/ERR479104/ERR479104_1.fastq.gz	https://ftp.sra.ebi.ac.uk/vol1/fastq/ERR479/ERR479104/ERR479104_2.fastq.gz	b7d4e51601c290ffe38e0701c0429bfa	58e0911575cc72fb9aa785474217b147	533140984	538311031
CCIS32105356ST-4-0	Adenoma	Public_study__ZellerG_2014	ERR479105	SAMEA2466959	ERS436716	https://ftp.sra.ebi.ac.uk/vol1/fastq/ERR479/ERR479105/ERR479105_1.fastq.gz	https://ftp.sra.ebi.ac.uk/vol1/fastq/ERR479/ERR479105/ERR479105_2.fastq.gz	577a020abd9601dd2151079d5355ea24	d046aa3dcb7e1f97048f0f3f29f8be20	935273045	936065339
CCIS32105356ST-4-0	Adenoma	Public_study__ZellerG_2014	ERR479106	SAMEA2466959	ERS436716	https://ftp.sra.ebi.ac.uk/vol1/fastq/ERR479/ERR479106/ERR479106_1.fastq.gz	https://ftp.sra.ebi.ac.uk/vol1/fastq/ERR479/ERR479106/ERR479106_2.fastq.gz	bb7c286e4fb0c1cbaaadd93689f369cf	d3a5b0f51f6ee4e41a358888326ed26b	847832717	855035912
CCIS32452666ST-4-0	Control	Public_study__ZellerG_2014	ERR479107	SAMEA2466897	ERS436654	https://ftp.sra.ebi.ac.uk/vol1/fastq/ERR479/ERR479107/ERR479107_1.fastq.gz	https://ftp.sra.ebi.ac.uk/vol1/fastq/ERR479/ERR479107/ERR479107_2.fastq.gz	a39e51e408e9584530eac6fef9cde9f4	aef267be4e8d5ecc2a7695493e24447c	466159213	463135515
CCIS32452666ST-4-0	Control	Public_study__ZellerG_2014	ERR479108	SAMEA2466897	ERS436654	https://ftp.sra.ebi.ac.uk/vol1/fastq/ERR479/ERR479108/ERR479108_1.fastq.gz	https://ftp.sra.ebi.ac.uk/vol1/fastq/ERR479/ERR479108/ERR479108_2.fastq.gz	faec53bd183b01c58797ec158f637c8b	415e096f51f53b1257bd18355eb35227	450615200	442442322
CCIS32452666ST-4-0	Control	Public_study__ZellerG_2014	ERR479109	SAMEA2466897	ERS436654	https://ftp.sra.ebi.ac.uk/vol1/fastq/ERR479/ERR479109/ERR479109_1.fastq.gz	https://ftp.sra.ebi.ac.uk/vol1/fastq/ERR479/ERR479109/ERR479109_2.fastq.gz	c39fed80e8ca98ad9d9522f69a03125a	175ea88311f19065d25accf7fbd24000	465380117	459585824
CCIS32452666ST-4-0	Control	Public_study__ZellerG_2014	ERR479110	SAMEA2466897	ERS436654	https://ftp.sra.ebi.ac.uk/vol1/fastq/ERR479/ERR479110/ERR479110_1.fastq.gz	https://ftp.sra.ebi.ac.uk/vol1/fastq/ERR479/ERR479110/ERR479110_2.fastq.gz	635a98fe51ca80d71400bee8d06b0765	eabc2c03de701fb00a187300285dc789	459531570	454912190
CCIS33816588ST-4-0	CRC	Public_study__ZellerG_2014	ERR479111	SAMEA2466972	ERS436729	https://ftp.sra.ebi.ac.uk/vol1/fastq/ERR479/ERR479111/ERR479111_1.fastq.gz	https://ftp.sra.ebi.ac.uk/vol1/fastq/ERR479/ERR479111/ERR479111_2.fastq.gz	0c3cfd45f7948aac5a072e6d37bc70a4	ea4ffa23919e672eef29db0d4abc18c9	573637342	575069723
CCIS33816588ST-4-0	CRC	Public_study__ZellerG_2014	ERR479112	SAMEA2466972	ERS436729	https://ftp.sra.ebi.ac.uk/vol1/fastq/ERR479/ERR479112/ERR479112_1.fastq.gz	https://ftp.sra.ebi.ac.uk/vol1/fastq/ERR479/ERR479112/ERR479112_2.fastq.gz	efb16ded09a02a27141f72feb39dfd63	a4e29407f05769f18ef46416ab225bc6	568579246	570851105
CCIS33816588ST-4-0	CRC	Public_study__ZellerG_2014	ERR479113	SAMEA2466972	ERS436729	https://ftp.sra.ebi.ac.uk/vol1/fastq/ERR479/ERR479113/ERR479113_1.fastq.gz	https://ftp.sra.ebi.ac.uk/vol1/fastq/ERR479/ERR479113/ERR479113_2.fastq.gz	9941d14ef1de7980355ab8c6782bb095	23228e2a3adf301c8711321987425218	539748907	549601180
CCIS33816588ST-4-0	CRC	Public_study__ZellerG_2014	ERR479114	SAMEA2466972	ERS436729	https://ftp.sra.ebi.ac.uk/vol1/fastq/ERR479/ERR479114/ERR479114_1.fastq.gz	https://ftp.sra.ebi.ac.uk/vol1/fastq/ERR479/ERR479114/ERR479114_2.fastq.gz	0e3a80238b8d2f6920433ffb7594bcfa	f812f5f5b6196d7befe2eda3ccb56110	563186942	566261624
CCIS34055159ST-4-0	CRC	Public_study__ZellerG_2014	ERR479115	SAMEA2466944	ERS436701	https://ftp.sra.ebi.ac.uk/vol1/fastq/ERR479/ERR479115/ERR479115_1.fastq.gz	https://ftp.sra.ebi.ac.uk/vol1/fastq/ERR479/ERR479115/ERR479115_2.fastq.gz	96f0a361c651a061a5da53320e6e7a33	6ac053acde909d903f13432c6795d5ab	325811784	333022287
CCIS34055159ST-4-0	CRC	Public_study__ZellerG_2014	ERR479116	SAMEA2466944	ERS436701	https://ftp.sra.ebi.ac.uk/vol1/fastq/ERR479/ERR479116/ERR479116_1.fastq.gz	https://ftp.sra.ebi.ac.uk/vol1/fastq/ERR479/ERR479116/ERR479116_2.fastq.gz	8d57c0f540865558cff38200b4154953	8caa31330fca87d6b551b317f91ea368	327978418	334639274
CCIS34055159ST-4-0	CRC	Public_study__ZellerG_2014	ERR479117	SAMEA2466944	ERS436701	https://ftp.sra.ebi.ac.uk/vol1/fastq/ERR479/ERR479117/ERR479117_1.fastq.gz	https://ftp.sra.ebi.ac.uk/vol1/fastq/ERR479/ERR479117/ERR479117_2.fastq.gz	d0418f379049f330a168f334dded068d	625666692c095070cccfc6582900ffe0	858816911	862776664
CCIS34604008ST-4-0	Control	Public_study__ZellerG_2014	ERR479118	SAMEA2467015	ERS436772	https://ftp.sra.ebi.ac.uk/vol1/fastq/ERR479/ERR479118/ERR479118_1.fastq.gz	https://ftp.sra.ebi.ac.uk/vol1/fastq/ERR479/ERR479118/ERR479118_2.fastq.gz	9bd899e3f317c6d5c5be55d695e29cf8	e3c18927fbbfc8ca7e63491453f6349d	540799923	549580483
CCIS34604008ST-4-0	Control	Public_study__ZellerG_2014	ERR479119	SAMEA2467015	ERS436772	https://ftp.sra.ebi.ac.uk/vol1/fastq/ERR479/ERR479119/ERR479119_1.fastq.gz	https://ftp.sra.ebi.ac.uk/vol1/fastq/ERR479/ERR479119/ERR479119_2.fastq.gz	c4f2a8681f29bee46a161894528596bc	79042f5c02a1d553693714cc96a9e609	538588503	548938789
CCIS34604008ST-4-0	Control	Public_study__ZellerG_2014	ERR479120	SAMEA2467015	ERS436772	https://ftp.sra.ebi.ac.uk/vol1/fastq/ERR479/ERR479120/ERR479120_1.fastq.gz	https://ftp.sra.ebi.ac.uk/vol1/fastq/ERR479/ERR479120/ERR479120_2.fastq.gz	335331d9815dfdfab7a00bf39057324c	91a012f5fcf01e5bdcd6f3e938c156b7	536574482	547469690
CCIS34604008ST-4-0	Control	Public_study__ZellerG_2014	ERR479121	SAMEA2467015	ERS436772	https://ftp.sra.ebi.ac.uk/vol1/fastq/ERR479/ERR479121/ERR479121_1.fastq.gz	https://ftp.sra.ebi.ac.uk/vol1/fastq/ERR479/ERR479121/ERR479121_2.fastq.gz	4d71d48e1547aa31535f75ddf8cd491d	f7e2aea36810144b992a77982429a260	541618989	552153961
CCIS35092938ST-4-0	Adenoma	Public_study__ZellerG_2014	ERR479122	SAMEA2466953	ERS436710	https://ftp.sra.ebi.ac.uk/vol1/fastq/ERR479/ERR479122/ERR479122_1.fastq.gz	https://ftp.sra.ebi.ac.uk/vol1/fastq/ERR479/ERR479122/ERR479122_2.fastq.gz	c1157becbbd6245d785e73aa60646225	b5f1c0a470dbeda197e465feaf2a714b	830087800	848053284
CCIS35092938ST-4-0	Adenoma	Public_study__ZellerG_2014	ERR479123	SAMEA2466953	ERS436710	https://ftp.sra.ebi.ac.uk/vol1/fastq/ERR479/ERR479123/ERR479123_1.fastq.gz	https://ftp.sra.ebi.ac.uk/vol1/fastq/ERR479/ERR479123/ERR479123_2.fastq.gz	e35cda120a5f8578a7acc94d11c3ec9b	4045a4acea0e40ea50322ed0098fc989	706703794	726029966
CCIS35100175ST-4-0	CRC	Public_study__ZellerG_2014	ERR479124	SAMEA2466996	ERS436753	https://ftp.sra.ebi.ac.uk/vol1/fastq/ERR479/ERR479124/ERR479124_1.fastq.gz	https://ftp.sra.ebi.ac.uk/vol1/fastq/ERR479/ERR479124/ERR479124_2.fastq.gz	7df1dba0f9b9241f6f019a32842f3418	4d408b812efe11ccbc2c191f40d0899c	479930456	478538580
CCIS35100175ST-4-0	CRC	Public_study__ZellerG_2014	ERR479125	SAMEA2466996	ERS436753	https://ftp.sra.ebi.ac.uk/vol1/fastq/ERR479/ERR479125/ERR479125_1.fastq.gz	https://ftp.sra.ebi.ac.uk/vol1/fastq/ERR479/ERR479125/ERR479125_2.fastq.gz	e82135865cd6ee1bfe3415c57756e34f	158b8c30fce7198dd72e49dc4733b4c0	452727661	444771476
CCIS35100175ST-4-0	CRC	Public_study__ZellerG_2014	ERR479126	SAMEA2466996	ERS436753	https://ftp.sra.ebi.ac.uk/vol1/fastq/ERR479/ERR479126/ERR479126_1.fastq.gz	https://ftp.sra.ebi.ac.uk/vol1/fastq/ERR479/ERR479126/ERR479126_2.fastq.gz	90a0ddb88497b00684d467820f5798b9	2e60cc6e09efc4be3e30400b3a4cd669	464631809	459694960
CCIS35100175ST-4-0	CRC	Public_study__ZellerG_2014	ERR479127	SAMEA2466996	ERS436753	https://ftp.sra.ebi.ac.uk/vol1/fastq/ERR479/ERR479127/ERR479127_1.fastq.gz	https://ftp.sra.ebi.ac.uk/vol1/fastq/ERR479/ERR479127/ERR479127_2.fastq.gz	fdf2012069ef5250fbe46a328877ec5e	f03554732ae2f0694e738d4ffe2eb824	469559890	465929900
CCIS36699628ST-4-0	Control	Public_study__ZellerG_2014	ERR479128	SAMEA2467018	ERS436775	https://ftp.sra.ebi.ac.uk/vol1/fastq/ERR479/ERR479128/ERR479128_1.fastq.gz	https://ftp.sra.ebi.ac.uk/vol1/fastq/ERR479/ERR479128/ERR479128_2.fastq.gz	e9761b64874b2a0b934770022095cece	f08629762ec6747d7fbd815422151567	551450417	559507208
CCIS36699628ST-4-0	Control	Public_study__ZellerG_2014	ERR479129	SAMEA2467018	ERS436775	https://ftp.sra.ebi.ac.uk/vol1/fastq/ERR479/ERR479129/ERR479129_1.fastq.gz	https://ftp.sra.ebi.ac.uk/vol1/fastq/ERR479/ERR479129/ERR479129_2.fastq.gz	d978c5b566033c6f5a2d2e551b09f916	2e17e341dcbeabca86f75ea420b59e99	555152536	563452683
CCIS36699628ST-4-0	Control	Public_study__ZellerG_2014	ERR479130	SAMEA2467018	ERS436775	https://ftp.sra.ebi.ac.uk/vol1/fastq/ERR479/ERR479130/ERR479130_1.fastq.gz	https://ftp.sra.ebi.ac.uk/vol1/fastq/ERR479/ERR479130/ERR479130_2.fastq.gz	0515601944af369c6d2300f9f497c2c9	d3b673de2867caef1fb82d2abc183294	556039627	562054268
CCIS36699628ST-4-0	Control	Public_study__ZellerG_2014	ERR479131	SAMEA2467018	ERS436775	https://ftp.sra.ebi.ac.uk/vol1/fastq/ERR479/ERR479131/ERR479131_1.fastq.gz	https://ftp.sra.ebi.ac.uk/vol1/fastq/ERR479/ERR479131/ERR479131_2.fastq.gz	ddd74a213ed4801bde54edb5e7f5b468	2402d6e21e7fb44c57fbbc3e13e1eb26	553251744	556999825
CCIS36797902ST-4-0	Control	Public_study__ZellerG_2014	ERR479132	SAMEA2467024	ERS436781	https://ftp.sra.ebi.ac.uk/vol1/fastq/ERR479/ERR479132/ERR479132_1.fastq.gz	https://ftp.sra.ebi.ac.uk/vol1/fastq/ERR479/ERR479132/ERR479132_2.fastq.gz	7c1d419c5ea4314bbddf36522af751bd	bf66dd8402299fddd0b13ea6f053fd94	345630781	353127066
CCIS36797902ST-4-0	Control	Public_study__ZellerG_2014	ERR479133	SAMEA2467024	ERS436781	https://ftp.sra.ebi.ac.uk/vol1/fastq/ERR479/ERR479133/ERR479133_1.fastq.gz	https://ftp.sra.ebi.ac.uk/vol1/fastq/ERR479/ERR479133/ERR479133_2.fastq.gz	88f6d939462a0e552e9f043abf56f1df	758a5e184a3688ceadda45bb68c9071d	340925710	349373770
CCIS36797902ST-4-0	Control	Public_study__ZellerG_2014	ERR479134	SAMEA2467024	ERS436781	https://ftp.sra.ebi.ac.uk/vol1/fastq/ERR479/ERR479134/ERR479134_1.fastq.gz	https://ftp.sra.ebi.ac.uk/vol1/fastq/ERR479/ERR479134/ERR479134_2.fastq.gz	e08ab6572c5ebeb092ad62c2c8635c9a	491722e8236216993bb97c807babd2cb	342101893	351378073
CCIS36797902ST-4-0	Control	Public_study__ZellerG_2014	ERR479135	SAMEA2467024	ERS436781	https://ftp.sra.ebi.ac.uk/vol1/fastq/ERR479/ERR479135/ERR479135_1.fastq.gz	https://ftp.sra.ebi.ac.uk/vol1/fastq/ERR479/ERR479135/ERR479135_2.fastq.gz	64636d34cebf1913439c102d5ce58625	42875d87ea32f4df82968260c17c89a8	342534247	350937293
CCIS37250421ST-4-0	Adenoma	Public_study__ZellerG_2014	ERR479136	SAMEA2466952	ERS436709	https://ftp.sra.ebi.ac.uk/vol1/fastq/ERR479/ERR479136/ERR479136_1.fastq.gz	https://ftp.sra.ebi.ac.uk/vol1/fastq/ERR479/ERR479136/ERR479136_2.fastq.gz	7f7974cab616d606fa10415b70f763c4	c8f4b68b4d40de9fec075cbf23489f7b	925906110	913460753
CCIS37250421ST-4-0	Adenoma	Public_study__ZellerG_2014	ERR479137	SAMEA2466952	ERS436709	https://ftp.sra.ebi.ac.uk/vol1/fastq/ERR479/ERR479137/ERR479137_1.fastq.gz	https://ftp.sra.ebi.ac.uk/vol1/fastq/ERR479/ERR479137/ERR479137_2.fastq.gz	6d6243f615cd55283da648e790efc705	e03fd0496fc721104fbcb5195ded5332	772225854	756791712
CCIS38765456ST-20-0	CRC	Public_study__ZellerG_2014	ERR479138	SAMEA2466984	ERS436741	https://ftp.sra.ebi.ac.uk/vol1/fastq/ERR479/ERR479138/ERR479138_1.fastq.gz	https://ftp.sra.ebi.ac.uk/vol1/fastq/ERR479/ERR479138/ERR479138_2.fastq.gz	6e5f5e4925b230df266b1f0c71512c91	c4fec23d55d73587dc603b8825d21b24	1442514655	1456764677
CCIS38765456ST-20-0	CRC	Public_study__ZellerG_2014	ERR479139	SAMEA2466984	ERS436741	https://ftp.sra.ebi.ac.uk/vol1/fastq/ERR479/ERR479139/ERR479139_1.fastq.gz	https://ftp.sra.ebi.ac.uk/vol1/fastq/ERR479/ERR479139/ERR479139_2.fastq.gz	f3126c2e000de86bf32cb08bd0f80cab	781d3cabdebd321a91decbc21fcce607	1428120500	1441435368
CCIS40244499ST-3-0	CRC	Public_study__ZellerG_2014	ERR479140	SAMEA2466916	ERS436673	https://ftp.sra.ebi.ac.uk/vol1/fastq/ERR479/ERR479140/ERR479140_1.fastq.gz	https://ftp.sra.ebi.ac.uk/vol1/fastq/ERR479/ERR479140/ERR479140_2.fastq.gz	ea1e6b91e0df6b8c09f48a950dc4e5c5	ddd2b48399f80714536dbe64a9ede1c8	809698987	830843463
CCIS40244499ST-3-0	CRC	Public_study__ZellerG_2014	ERR479141	SAMEA2466916	ERS436673	https://ftp.sra.ebi.ac.uk/vol1/fastq/ERR479/ERR479141/ERR479141_1.fastq.gz	https://ftp.sra.ebi.ac.uk/vol1/fastq/ERR479/ERR479141/ERR479141_2.fastq.gz	520ab8911c2ceb543e566b0e2960d7a3	380776754894bce4c38303eaa79f228d	804176871	824184924
CCIS41222843ST-4-0	CRC	Public_study__ZellerG_2014	ERR479142	SAMEA2466931	ERS436688	https://ftp.sra.ebi.ac.uk/vol1/fastq/ERR479/ERR479142/ERR479142_1.fastq.gz	https://ftp.sra.ebi.ac.uk/vol1/fastq/ERR479/ERR479142/ERR479142_2.fastq.gz	7bfdc9f0561ef71895e545569904e96f	b514f908e8899a788f066f43edceffd6	700150879	705000325
CCIS41222843ST-4-0	CRC	Public_study__ZellerG_2014	ERR479143	SAMEA2466931	ERS436688	https://ftp.sra.ebi.ac.uk/vol1/fastq/ERR479/ERR479143/ERR479143_1.fastq.gz	https://ftp.sra.ebi.ac.uk/vol1/fastq/ERR479/ERR479143/ERR479143_2.fastq.gz	b58915f8b7d7d1b0efe645d19ea5e337	9ef75adc0a27b3d901932184c1e02515	705335265	710857348
CCIS41222843ST-4-0	CRC	Public_study__ZellerG_2014	ERR479144	SAMEA2466931	ERS436688	https://ftp.sra.ebi.ac.uk/vol1/fastq/ERR479/ERR479144/ERR479144_1.fastq.gz	https://ftp.sra.ebi.ac.uk/vol1/fastq/ERR479/ERR479144/ERR479144_2.fastq.gz	5b1c157507278ae693f732084499fdec	cee3d26f36775ced508b2e72ad71fbd2	717993303	724742348
CCIS41222843ST-4-0	CRC	Public_study__ZellerG_2014	ERR479145	SAMEA2466931	ERS436688	https://ftp.sra.ebi.ac.uk/vol1/fastq/ERR479/ERR479145/ERR479145_1.fastq.gz	https://ftp.sra.ebi.ac.uk/vol1/fastq/ERR479/ERR479145/ERR479145_2.fastq.gz	989923f49b2d8bf1ae1988927304ec2b	e047f55e40dfba84d3e0e7ef33ca6338	698423066	696591657
CCIS41288781ST-4-0	CRC	Public_study__ZellerG_2014	ERR479146	SAMEA2466998	ERS436755	https://ftp.sra.ebi.ac.uk/vol1/fastq/ERR479/ERR479146/ERR479146_1.fastq.gz	https://ftp.sra.ebi.ac.uk/vol1/fastq/ERR479/ERR479146/ERR479146_2.fastq.gz	4ec098532f6c324a5d4e200970493fb2	95540f31705652473f7efd6ad220108d	697307894	672086960
CCIS41288781ST-4-0	CRC	Public_study__ZellerG_2014	ERR479147	SAMEA2466998	ERS436755	https://ftp.sra.ebi.ac.uk/vol1/fastq/ERR479/ERR479147/ERR479147_1.fastq.gz	https://ftp.sra.ebi.ac.uk/vol1/fastq/ERR479/ERR479147/ERR479147_2.fastq.gz	dafb9d1cf678eec6b318705866499fab	e419b704b2c3b5aa16cd7dbf4ba91262	779739290	782150496
CCIS41548810ST-4-0	CRC	Public_study__ZellerG_2014	ERR479148	SAMEA2466947	ERS436704	https://ftp.sra.ebi.ac.uk/vol1/fastq/ERR479/ERR479148/ERR479148_1.fastq.gz	https://ftp.sra.ebi.ac.uk/vol1/fastq/ERR479/ERR479148/ERR479148_2.fastq.gz	385ab89b01b2ba173bcace8e309a7f8c	706c178d32eb975bd5ae8822c9c6a7eb	862299836	839186975
CCIS41548810ST-4-0	CRC	Public_study__ZellerG_2014	ERR479149	SAMEA2466947	ERS436704	https://ftp.sra.ebi.ac.uk/vol1/fastq/ERR479/ERR479149/ERR479149_1.fastq.gz	https://ftp.sra.ebi.ac.uk/vol1/fastq/ERR479/ERR479149/ERR479149_2.fastq.gz	e6705115ac6a1ab05c5ab7da41cba2bc	717ee614d192c821462d7fc6d4c4dfef	949505597	957934457
CCIS41692898ST-4-0	Control	Public_study__ZellerG_2014	ERR479150	SAMEA2467037	ERS436794	https://ftp.sra.ebi.ac.uk/vol1/fastq/ERR479/ERR479150/ERR479150_1.fastq.gz	https://ftp.sra.ebi.ac.uk/vol1/fastq/ERR479/ERR479150/ERR479150_2.fastq.gz	552a3126d25c5c42035ef16f6d28fe32	82666ca1bd74ce527d4cb49b2ddb4170	621296182	644143912
CCIS41692898ST-4-0	Control	Public_study__ZellerG_2014	ERR479151	SAMEA2467037	ERS436794	https://ftp.sra.ebi.ac.uk/vol1/fastq/ERR479/ERR479151/ERR479151_1.fastq.gz	https://ftp.sra.ebi.ac.uk/vol1/fastq/ERR479/ERR479151/ERR479151_2.fastq.gz	d3319b49957ebc588a3c8f7411182375	5bc76c5a8c683d44668c20346334362f	624787528	648329062
CCIS41692898ST-4-0	Control	Public_study__ZellerG_2014	ERR479152	SAMEA2467037	ERS436794	https://ftp.sra.ebi.ac.uk/vol1/fastq/ERR479/ERR479152/ERR479152_1.fastq.gz	https://ftp.sra.ebi.ac.uk/vol1/fastq/ERR479/ERR479152/ERR479152_2.fastq.gz	14e1b9533b57ae8434c35d11ddd6c58f	3055603fdea9164f958d974f035cc48e	625788092	646515708
CCIS41692898ST-4-0	Control	Public_study__ZellerG_2014	ERR479153	SAMEA2467037	ERS436794	https://ftp.sra.ebi.ac.uk/vol1/fastq/ERR479/ERR479153/ERR479153_1.fastq.gz	https://ftp.sra.ebi.ac.uk/vol1/fastq/ERR479/ERR479153/ERR479153_2.fastq.gz	5989632bfb6c8f51d122d44a13110bab	8a71f42a4aa8e3a41c9edaa7ebb66f31	621898653	639665718
CCIS41806458ST-4-0	Adenoma	Public_study__ZellerG_2014	ERR479154	SAMEA2466974	ERS436731	https://ftp.sra.ebi.ac.uk/vol1/fastq/ERR479/ERR479154/ERR479154_1.fastq.gz	https://ftp.sra.ebi.ac.uk/vol1/fastq/ERR479/ERR479154/ERR479154_2.fastq.gz	795c722d529103e3ad2a2dc2d2c39efb	dfe7933f2742e86f5eb68be4a6ef51dc	694145490	708167055
CCIS41806458ST-4-0	Adenoma	Public_study__ZellerG_2014	ERR479155	SAMEA2466974	ERS436731	https://ftp.sra.ebi.ac.uk/vol1/fastq/ERR479/ERR479155/ERR479155_1.fastq.gz	https://ftp.sra.ebi.ac.uk/vol1/fastq/ERR479/ERR479155/ERR479155_2.fastq.gz	1c88fe059b2c07f7aa9f2fed7cce738a	9f407231e47993dcbd392f6701933a98	692058655	707585292
CCIS41806458ST-4-0	Adenoma	Public_study__ZellerG_2014	ERR479156	SAMEA2466974	ERS436731	https://ftp.sra.ebi.ac.uk/vol1/fastq/ERR479/ERR479156/ERR479156_1.fastq.gz	https://ftp.sra.ebi.ac.uk/vol1/fastq/ERR479/ERR479156/ERR479156_2.fastq.gz	a858daa19575777cace55d2c29fe9cc3	d80ac467f31fb398332352ccd45c9f50	519317592	697162718
CCIS44093303ST-4-0	Control	Public_study__ZellerG_2014	ERR479157	SAMEA2467038	ERS436795	https://ftp.sra.ebi.ac.uk/vol1/fastq/ERR479/ERR479157/ERR479157_1.fastq.gz	https://ftp.sra.ebi.ac.uk/vol1/fastq/ERR479/ERR479157/ERR479157_2.fastq.gz	8177bfc7b80868ac4731cfdd9d0a1220	318e0c97d10019ff2c9e90c92c77c3a4	606697206	619017223
CCIS44093303ST-4-0	Control	Public_study__ZellerG_2014	ERR479158	SAMEA2467038	ERS436795	https://ftp.sra.ebi.ac.uk/vol1/fastq/ERR479/ERR479158/ERR479158_1.fastq.gz	https://ftp.sra.ebi.ac.uk/vol1/fastq/ERR479/ERR479158/ERR479158_2.fastq.gz	be46ea59089a09eccb7598f879001bd5	6590052318bc7d5bcb4f18af41c27e28	608673552	621065623
CCIS44093303ST-4-0	Control	Public_study__ZellerG_2014	ERR479159	SAMEA2467038	ERS436795	https://ftp.sra.ebi.ac.uk/vol1/fastq/ERR479/ERR479159/ERR479159_1.fastq.gz	https://ftp.sra.ebi.ac.uk/vol1/fastq/ERR479/ERR479159/ERR479159_2.fastq.gz	f663984e107c2885d8d1b8803e13d60e	0254e77b818c7c645e889388bc467931	609996206	616096812
CCIS44093303ST-4-0	Control	Public_study__ZellerG_2014	ERR479160	SAMEA2467038	ERS436795	https://ftp.sra.ebi.ac.uk/vol1/fastq/ERR479/ERR479160/ERR479160_1.fastq.gz	https://ftp.sra.ebi.ac.uk/vol1/fastq/ERR479/ERR479160/ERR479160_2.fastq.gz	3db1a020fafffc334ae41dd72070013d	896c53080c118586591fb631d793d015	610476231	617951570
CCIS44676181ST-4-0	Adenoma	Public_study__ZellerG_2014	ERR479161	SAMEA2466905	ERS436662	https://ftp.sra.ebi.ac.uk/vol1/fastq/ERR479/ERR479161/ERR479161_1.fastq.gz	https://ftp.sra.ebi.ac.uk/vol1/fastq/ERR479/ERR479161/ERR479161_2.fastq.gz	323dabd2c4e14a681fa03b4331d1edf5	79a4063dd2ceb900b79f54d4d02b71f9	1469474595	1480951361
CCIS44743950ST-4-0	Adenoma	Public_study__ZellerG_2014	ERR479162	SAMEA2466966	ERS436723	https://ftp.sra.ebi.ac.uk/vol1/fastq/ERR479/ERR479162/ERR479162_1.fastq.gz	https://ftp.sra.ebi.ac.uk/vol1/fastq/ERR479/ERR479162/ERR479162_2.fastq.gz	5f7bc763daa019003212d83ff7487b89	681e97a4769f2ef68c8add25e58cc8f7	953318678	965606711
CCIS44743950ST-4-0	Adenoma	Public_study__ZellerG_2014	ERR479163	SAMEA2466966	ERS436723	https://ftp.sra.ebi.ac.uk/vol1/fastq/ERR479/ERR479163/ERR479163_1.fastq.gz	https://ftp.sra.ebi.ac.uk/vol1/fastq/ERR479/ERR479163/ERR479163_2.fastq.gz	bf97521c128fee20db5835ad82ec5ef0	69832559712e7bb7ae59356451462800	949580560	957216519
CCIS44743950ST-4-0	Adenoma	Public_study__ZellerG_2014	ERR479164	SAMEA2466966	ERS436723	https://ftp.sra.ebi.ac.uk/vol1/fastq/ERR479/ERR479164/ERR479164_1.fastq.gz	https://ftp.sra.ebi.ac.uk/vol1/fastq/ERR479/ERR479164/ERR479164_2.fastq.gz	d892176222d3b67ac44163bb1bf233eb	2029b95a9be1f81bc54e7af8fbd0d4d3	726084771	954031369
CCIS44757994ST-4-0	CRC	Public_study__ZellerG_2014	ERR479165	SAMEA2466989	ERS436746	https://ftp.sra.ebi.ac.uk/vol1/fastq/ERR479/ERR479165/ERR479165_1.fastq.gz	https://ftp.sra.ebi.ac.uk/vol1/fastq/ERR479/ERR479165/ERR479165_2.fastq.gz	ec158d9126573efe5d1499660358effe	e68287ab5eab3637192d3a4f33695254	679332974	686154181
CCIS44757994ST-4-0	CRC	Public_study__ZellerG_2014	ERR479166	SAMEA2466989	ERS436746	https://ftp.sra.ebi.ac.uk/vol1/fastq/ERR479/ERR479166/ERR479166_1.fastq.gz	https://ftp.sra.ebi.ac.uk/vol1/fastq/ERR479/ERR479166/ERR479166_2.fastq.gz	f6821e7ac5e93b2e3405f0600b8ca1f9	7b71603b54d94bca2e8c0f715d5b1790	765312228	776379240
CCIS45571137ST-3-0	Control	Public_study__ZellerG_2014	ERR479167	SAMEA2466901	ERS436658	https://ftp.sra.ebi.ac.uk/vol1/fastq/ERR479/ERR479167/ERR479167_1.fastq.gz	https://ftp.sra.ebi.ac.uk/vol1/fastq/ERR479/ERR479167/ERR479167_2.fastq.gz	72e3cf11eb66a13719402ab833f9b058	7e9339e98433b2d0c25c75ce46c55f6c	555341854	619846619
CCIS45571137ST-3-0	Control	Public_study__ZellerG_2014	ERR479168	SAMEA2466901	ERS436658	https://ftp.sra.ebi.ac.uk/vol1/fastq/ERR479/ERR479168/ERR479168_1.fastq.gz	https://ftp.sra.ebi.ac.uk/vol1/fastq/ERR479/ERR479168/ERR479168_2.fastq.gz	0feded2c387e71003d0aa29fdcef53cb	c80031699eb4f3f0e36727d45824d37f	427010802	475185705
CCIS45793747ST-4-0	Control	Public_study__ZellerG_2014	ERR479169	SAMEA2466979	ERS436736	https://ftp.sra.ebi.ac.uk/vol1/fastq/ERR479/ERR479169/ERR479169_1.fastq.gz	https://ftp.sra.ebi.ac.uk/vol1/fastq/ERR479/ERR479169/ERR479169_2.fastq.gz	8454461c04db1e87f25593d6a30b9c93	6d4c91d1aa6f3cd9b5e4afec49e964d0	655683070	659874572
CCIS45793747ST-4-0	Control	Public_study__ZellerG_2014	ERR479170	SAMEA2466979	ERS436736	https://ftp.sra.ebi.ac.uk/vol1/fastq/ERR479/ERR479170/ERR479170_1.fastq.gz	https://ftp.sra.ebi.ac.uk/vol1/fastq/ERR479/ERR479170/ERR479170_2.fastq.gz	323d3e0522af2fd0e5afbd08152143da	ac1ec317e5fbfc3dddbd54c2c00c5294	663387051	668850659
CCIS45793747ST-4-0	Control	Public_study__ZellerG_2014	ERR479171	SAMEA2466979	ERS436736	https://ftp.sra.ebi.ac.uk/vol1/fastq/ERR479/ERR479171/ERR479171_1.fastq.gz	https://ftp.sra.ebi.ac.uk/vol1/fastq/ERR479/ERR479171/ERR479171_2.fastq.gz	f1e520a2811b50bccd4d5c151c6db871	67fc8a7bef54bb9491ab076d88acfd06	676438780	683343832
CCIS45793747ST-4-0	Control	Public_study__ZellerG_2014	ERR479172	SAMEA2466979	ERS436736	https://ftp.sra.ebi.ac.uk/vol1/fastq/ERR479/ERR479172/ERR479172_1.fastq.gz	https://ftp.sra.ebi.ac.uk/vol1/fastq/ERR479/ERR479172/ERR479172_2.fastq.gz	e15889820d47d15d6a8d01dfbc407680	697979d7fa7f0ab58884d4429c243c1f	658419064	657116610
CCIS46047672ST-4-0	CRC	Public_study__ZellerG_2014	ERR479173	SAMEA2467002	ERS436759	https://ftp.sra.ebi.ac.uk/vol1/fastq/ERR479/ERR479173/ERR479173_1.fastq.gz	https://ftp.sra.ebi.ac.uk/vol1/fastq/ERR479/ERR479173/ERR479173_2.fastq.gz	d27b868b739fcde0ef6c4d7dfe7045dd	33c5a87f528eb5f4248bdb4de0a26b57	591961230	599292443
CCIS46047672ST-4-0	CRC	Public_study__ZellerG_2014	ERR479174	SAMEA2467002	ERS436759	https://ftp.sra.ebi.ac.uk/vol1/fastq/ERR479/ERR479174/ERR479174_1.fastq.gz	https://ftp.sra.ebi.ac.uk/vol1/fastq/ERR479/ERR479174/ERR479174_2.fastq.gz	6fcc5d6591765bfe467602eeb537d97e	7b2afb23077b702b7c2f805d0c971e2e	761461899	775052084
CCIS46467422ST-4-0	CRC	Public_study__ZellerG_2014	ERR479175	SAMEA2467007	ERS436764	https://ftp.sra.ebi.ac.uk/vol1/fastq/ERR479/ERR479175/ERR479175_1.fastq.gz	https://ftp.sra.ebi.ac.uk/vol1/fastq/ERR479/ERR479175/ERR479175_2.fastq.gz	36c8b4f49809f5f91b8469200730a64f	b51631ece468c38cee7a8c5c262a89b5	173363256	177238077
CCIS46467422ST-4-0	CRC	Public_study__ZellerG_2014	ERR479176	SAMEA2467007	ERS436764	https://ftp.sra.ebi.ac.uk/vol1/fastq/ERR479/ERR479176/ERR479176_1.fastq.gz	https://ftp.sra.ebi.ac.uk/vol1/fastq/ERR479/ERR479176/ERR479176_2.fastq.gz	004c08171486a64a9a90058e14b8b9d0	bc3cad859689bd19377bf295c89396d6	213056856	210644682
CCIS47284573ST-4-0	CRC	Public_study__ZellerG_2014	ERR479177	SAMEA2466976	ERS436733	https://ftp.sra.ebi.ac.uk/vol1/fastq/ERR479/ERR479177/ERR479177_1.fastq.gz	https://ftp.sra.ebi.ac.uk/vol1/fastq/ERR479/ERR479177/ERR479177_2.fastq.gz	56ff2b97f86ded3dcb4574272d7cf274	1ca42d7a93de3ee2d7bcf479b210ac9d	343791499	344485673
CCIS47284573ST-4-0	CRC	Public_study__ZellerG_2014	ERR479178	SAMEA2466976	ERS436733	https://ftp.sra.ebi.ac.uk/vol1/fastq/ERR479/ERR479178/ERR479178_1.fastq.gz	https://ftp.sra.ebi.ac.uk/vol1/fastq/ERR479/ERR479178/ERR479178_2.fastq.gz	5c11273408a9ba59088ac6235d5e41fa	0e0340d8374602435e5da3383f18c323	330286726	326491243
CCIS47284573ST-4-0	CRC	Public_study__ZellerG_2014	ERR479179	SAMEA2466976	ERS436733	https://ftp.sra.ebi.ac.uk/vol1/fastq/ERR479/ERR479179/ERR479179_1.fastq.gz	https://ftp.sra.ebi.ac.uk/vol1/fastq/ERR479/ERR479179/ERR479179_2.fastq.gz	a844b6339fc0f2a6897b037079941f6a	6fad14aa0f113ccdaeafb69a6612bc2b	333080012	329379522
CCIS47284573ST-4-0	CRC	Public_study__ZellerG_2014	ERR479180	SAMEA2466976	ERS436733	https://ftp.sra.ebi.ac.uk/vol1/fastq/ERR479/ERR479180/ERR479180_1.fastq.gz	https://ftp.sra.ebi.ac.uk/vol1/fastq/ERR479/ERR479180/ERR479180_2.fastq.gz	27017e7e3ad77ec957ce84dea27f71fd	f0ea07fbb0e666bffcbb82629cb80621	334834022	330023689
CCIS47745468ST-4-0	Adenoma	Public_study__ZellerG_2014	ERR479181	SAMEA2466895	ERS436652	https://ftp.sra.ebi.ac.uk/vol1/fastq/ERR479/ERR479181/ERR479181_1.fastq.gz	https://ftp.sra.ebi.ac.uk/vol1/fastq/ERR479/ERR479181/ERR479181_2.fastq.gz	2c4404977037d282f17eea9f29f1f854	1ebc765513622b0a2aebfba6611e675a	1240816319	1241352678
CCIS47745468ST-4-0	Adenoma	Public_study__ZellerG_2014	ERR479182	SAMEA2466895	ERS436652	https://ftp.sra.ebi.ac.uk/vol1/fastq/ERR479/ERR479182/ERR479182_1.fastq.gz	https://ftp.sra.ebi.ac.uk/vol1/fastq/ERR479/ERR479182/ERR479182_2.fastq.gz	891fd40289e49de4c302dbe841261c9f	12f9a1d9e40fcdb228cd2929053f5048	1312595532	1320882567
CCIS48174381ST-4-0	Control	Public_study__ZellerG_2014	ERR479183	SAMEA2467041	ERS436798	https://ftp.sra.ebi.ac.uk/vol1/fastq/ERR479/ERR479183/ERR479183_1.fastq.gz	https://ftp.sra.ebi.ac.uk/vol1/fastq/ERR479/ERR479183/ERR479183_2.fastq.gz	4634b1c7daf7296cdce5b7d03bc1fb5a	352c20aa079e70a155946f23cc547ab8	393567041	405269917
CCIS48174381ST-4-0	Control	Public_study__ZellerG_2014	ERR479184	SAMEA2467041	ERS436798	https://ftp.sra.ebi.ac.uk/vol1/fastq/ERR479/ERR479184/ERR479184_1.fastq.gz	https://ftp.sra.ebi.ac.uk/vol1/fastq/ERR479/ERR479184/ERR479184_2.fastq.gz	be2db08af517a757f20eab22bcbe0b7e	f17f58b069a7ddfc4bc4a289150ea505	388922470	399011044
CCIS48174381ST-4-0	Control	Public_study__ZellerG_2014	ERR479185	SAMEA2467041	ERS436798	https://ftp.sra.ebi.ac.uk/vol1/fastq/ERR479/ERR479185/ERR479185_1.fastq.gz	https://ftp.sra.ebi.ac.uk/vol1/fastq/ERR479/ERR479185/ERR479185_2.fastq.gz	7e42f3e56348241e59881e05b400c75f	db627040af80512e503bbf5c6191a949	389615841	402915967
CCIS48174381ST-4-0	Control	Public_study__ZellerG_2014	ERR479186	SAMEA2467041	ERS436798	https://ftp.sra.ebi.ac.uk/vol1/fastq/ERR479/ERR479186/ERR479186_1.fastq.gz	https://ftp.sra.ebi.ac.uk/vol1/fastq/ERR479/ERR479186/ERR479186_2.fastq.gz	e09103be05e754f319eb363f7a42d145	23cc6eeb9203e89d0d7ed62da979cdee	391224925	401314903
CCIS48507077ST-4-0	Adenoma	Public_study__ZellerG_2014	ERR479187	SAMEA2466958	ERS436715	https://ftp.sra.ebi.ac.uk/vol1/fastq/ERR479/ERR479187/ERR479187_1.fastq.gz	https://ftp.sra.ebi.ac.uk/vol1/fastq/ERR479/ERR479187/ERR479187_2.fastq.gz	9df1a716c722c7c76f57906086004240	fe822a05273aa6a4711171fc11b0e8ea	661717176	671603059
CCIS48507077ST-4-0	Adenoma	Public_study__ZellerG_2014	ERR479188	SAMEA2466958	ERS436715	https://ftp.sra.ebi.ac.uk/vol1/fastq/ERR479/ERR479188/ERR479188_1.fastq.gz	https://ftp.sra.ebi.ac.uk/vol1/fastq/ERR479/ERR479188/ERR479188_2.fastq.gz	97f68656f40f0d412307c9c21f243509	dd8d4f008d52d1d606a3a4ea288c9394	655267063	666607927
CCIS48507077ST-4-0	Adenoma	Public_study__ZellerG_2014	ERR479189	SAMEA2466958	ERS436715	https://ftp.sra.ebi.ac.uk/vol1/fastq/ERR479/ERR479189/ERR479189_1.fastq.gz	https://ftp.sra.ebi.ac.uk/vol1/fastq/ERR479/ERR479189/ERR479189_2.fastq.gz	bf1b79b70707bcb7cd842440bb006eab	0f9cc6ffbae1c2a760d2c6de77fe3443	479098682	644740311
CCIS48579360ST-4-0	Adenoma	Public_study__ZellerG_2014	ERR479190	SAMEA2467006	ERS436763	https://ftp.sra.ebi.ac.uk/vol1/fastq/ERR479/ERR479190/ERR479190_1.fastq.gz	https://ftp.sra.ebi.ac.uk/vol1/fastq/ERR479/ERR479190/ERR479190_2.fastq.gz	ed02f32560f9c31ac70761fbcd49126f	facbc138a30ebac2fee346f21119d85b	407717224	405700383
CCIS48579360ST-4-0	Adenoma	Public_study__ZellerG_2014	ERR479191	SAMEA2467006	ERS436763	https://ftp.sra.ebi.ac.uk/vol1/fastq/ERR479/ERR479191/ERR479191_1.fastq.gz	https://ftp.sra.ebi.ac.uk/vol1/fastq/ERR479/ERR479191/ERR479191_2.fastq.gz	49ea209c71ad3c7077dc53d0c6ddf099	33a43b3f55cf59f438a20844785e48d7	59497945	51193034
CCIS48579360ST-4-0	Adenoma	Public_study__ZellerG_2014	ERR479192	SAMEA2467006	ERS436763	https://ftp.sra.ebi.ac.uk/vol1/fastq/ERR479/ERR479192/ERR479192_1.fastq.gz	https://ftp.sra.ebi.ac.uk/vol1/fastq/ERR479/ERR479192/ERR479192_2.fastq.gz	c3043ec47425ca9279034895865c7f79	30bb5cbb159a7bbd954999c54aec8969	363063542	363547616
CCIS48725289ST-4-0	CRC	Public_study__ZellerG_2014	ERR479193	SAMEA2466908	ERS436665	https://ftp.sra.ebi.ac.uk/vol1/fastq/ERR479/ERR479193/ERR479193_1.fastq.gz	https://ftp.sra.ebi.ac.uk/vol1/fastq/ERR479/ERR479193/ERR479193_2.fastq.gz	6b4e637024e15f4f324604fa0592c651	7c89d65e822553cb189236720bd26139	620821974	629745496
CCIS48725289ST-4-0	CRC	Public_study__ZellerG_2014	ERR479194	SAMEA2466908	ERS436665	https://ftp.sra.ebi.ac.uk/vol1/fastq/ERR479/ERR479194/ERR479194_1.fastq.gz	https://ftp.sra.ebi.ac.uk/vol1/fastq/ERR479/ERR479194/ERR479194_2.fastq.gz	db87c0855920ce6b897e5af52997328f	ef87d9d38e977d8601a70abf341dec16	560000899	568912917
CCIS50003399ST-4-0	Control	Public_study__ZellerG_2014	ERR479195	SAMEA2467023	ERS436780	https://ftp.sra.ebi.ac.uk/vol1/fastq/ERR479/ERR479195/ERR479195_1.fastq.gz	https://ftp.sra.ebi.ac.uk/vol1/fastq/ERR479/ERR479195/ERR479195_2.fastq.gz	b47bf7f0c4280a345a07237a0726cda2	63793dfbcad4bd8ccb23b9ead39d35c0	522156750	530187024
CCIS50003399ST-4-0	Control	Public_study__ZellerG_2014	ERR479196	SAMEA2467023	ERS436780	https://ftp.sra.ebi.ac.uk/vol1/fastq/ERR479/ERR479196/ERR479196_1.fastq.gz	https://ftp.sra.ebi.ac.uk/vol1/fastq/ERR479/ERR479196/ERR479196_2.fastq.gz	1a16ecbe8a6ac09b991c355775f616f0	f2b7be27a85d5bb5bec7b078e3d9f4d3	517506592	526929577
CCIS50003399ST-4-0	Control	Public_study__ZellerG_2014	ERR479197	SAMEA2467023	ERS436780	https://ftp.sra.ebi.ac.uk/vol1/fastq/ERR479/ERR479197/ERR479197_1.fastq.gz	https://ftp.sra.ebi.ac.uk/vol1/fastq/ERR479/ERR479197/ERR479197_2.fastq.gz	429b0d9c195c41f5023aa757768c1a24	40d1bd689af8f3c0a34d2bee29930883	518483677	529279510
CCIS50003399ST-4-0	Control	Public_study__ZellerG_2014	ERR479198	SAMEA2467023	ERS436780	https://ftp.sra.ebi.ac.uk/vol1/fastq/ERR479/ERR479198/ERR479198_1.fastq.gz	https://ftp.sra.ebi.ac.uk/vol1/fastq/ERR479/ERR479198/ERR479198_2.fastq.gz	ea5c0dfc1b4cfba939c21b90c368860c	33fe37e0fb5348f4220803c97edb5bf7	520222772	529762386
CCIS50148151ST-4-0	CRC	Public_study__ZellerG_2014	ERR479199	SAMEA2466954	ERS436711	https://ftp.sra.ebi.ac.uk/vol1/fastq/ERR479/ERR479199/ERR479199_1.fastq.gz	https://ftp.sra.ebi.ac.uk/vol1/fastq/ERR479/ERR479199/ERR479199_2.fastq.gz	36865035613e50763c0623389ec9851d	1c3d11ff68cda700901aed5eb29798f7	886350712	885509776
CCIS50148151ST-4-0	CRC	Public_study__ZellerG_2014	ERR479200	SAMEA2466954	ERS436711	https://ftp.sra.ebi.ac.uk/vol1/fastq/ERR479/ERR479200/ERR479200_1.fastq.gz	https://ftp.sra.ebi.ac.uk/vol1/fastq/ERR479/ERR479200/ERR479200_2.fastq.gz	1615cd375083c45b974685123dec5caf	b93d064a73899c5cfeb69a31adf76ff2	924811277	920645314
CCIS50369211ST-20-0	Adenoma	Public_study__ZellerG_2014	ERR479201	SAMEA2466920	ERS436677	https://ftp.sra.ebi.ac.uk/vol1/fastq/ERR479/ERR479201/ERR479201_1.fastq.gz	https://ftp.sra.ebi.ac.uk/vol1/fastq/ERR479/ERR479201/ERR479201_2.fastq.gz	db57a1d37d6a4aed32986f4d7f16e699	730f96fad86dcb155cdd688dc55bf29d	373389188	376445019
CCIS50369211ST-20-0	Adenoma	Public_study__ZellerG_2014	ERR479202	SAMEA2466920	ERS436677	https://ftp.sra.ebi.ac.uk/vol1/fastq/ERR479/ERR479202/ERR479202_1.fastq.gz	https://ftp.sra.ebi.ac.uk/vol1/fastq/ERR479/ERR479202/ERR479202_2.fastq.gz	2efdb8754812236aa14dd03a3da92ae8	3bc36dcbb1ad682697373a5d65383f1c	377336181	380159872
CCIS50471204ST-4-0	Control	Public_study__ZellerG_2014	ERR479203	SAMEA2467026	ERS436783	https://ftp.sra.ebi.ac.uk/vol1/fastq/ERR479/ERR479203/ERR479203_1.fastq.gz	https://ftp.sra.ebi.ac.uk/vol1/fastq/ERR479/ERR479203/ERR479203_2.fastq.gz	c43aca58315eb7b07e9ed525cf73debb	fed9ea050a8657f9c8914a3b97336c28	670712908	681706996
CCIS50471204ST-4-0	Control	Public_study__ZellerG_2014	ERR479204	SAMEA2467026	ERS436783	https://ftp.sra.ebi.ac.uk/vol1/fastq/ERR479/ERR479204/ERR479204_1.fastq.gz	https://ftp.sra.ebi.ac.uk/vol1/fastq/ERR479/ERR479204/ERR479204_2.fastq.gz	974e285fda1caf76d74dea59fe9c18b1	c14f200092a0f2749cff44ded7f3b558	664195706	676848615
CCIS50471204ST-4-0	Control	Public_study__ZellerG_2014	ERR479205	SAMEA2467026	ERS436783	https://ftp.sra.ebi.ac.uk/vol1/fastq/ERR479/ERR479205/ERR479205_1.fastq.gz	https://ftp.sra.ebi.ac.uk/vol1/fastq/ERR479/ERR479205/ERR479205_2.fastq.gz	da3da4d382a7b17afeb8b268027906ce	c2f46c076037916f7a481b67bfe5f3ff	661952013	675492084
CCIS50471204ST-4-0	Control	Public_study__ZellerG_2014	ERR479206	SAMEA2467026	ERS436783	https://ftp.sra.ebi.ac.uk/vol1/fastq/ERR479/ERR479206/ERR479206_1.fastq.gz	https://ftp.sra.ebi.ac.uk/vol1/fastq/ERR479/ERR479206/ERR479206_2.fastq.gz	027a4641a9e574434f384163af6ed304	1cf4820c6cb0aed077f82d4d0bb750c0	668856390	681921594
CCIS50561855ST-4-0	Adenoma	Public_study__ZellerG_2014	ERR479207	SAMEA2466950	ERS436707	https://ftp.sra.ebi.ac.uk/vol1/fastq/ERR479/ERR479207/ERR479207_1.fastq.gz	https://ftp.sra.ebi.ac.uk/vol1/fastq/ERR479/ERR479207/ERR479207_2.fastq.gz	b2b7a47fc52bb2bf56a0c3c6f4110cbc	be20fdd8aaaab299a5754f826838a461	610474309	604046839
CCIS50561855ST-4-0	Adenoma	Public_study__ZellerG_2014	ERR479208	SAMEA2466950	ERS436707	https://ftp.sra.ebi.ac.uk/vol1/fastq/ERR479/ERR479208/ERR479208_1.fastq.gz	https://ftp.sra.ebi.ac.uk/vol1/fastq/ERR479/ERR479208/ERR479208_2.fastq.gz	a534c6451c101349dcfd7b2acff757c7	7e1e75325f8dd226c50545b68f95a0a9	524918505	519523907
CCIS51595129ST-4-0	Control	Public_study__ZellerG_2014	ERR479209	SAMEA2467034	ERS436791	https://ftp.sra.ebi.ac.uk/vol1/fastq/ERR479/ERR479209/ERR479209_1.fastq.gz	https://ftp.sra.ebi.ac.uk/vol1/fastq/ERR479/ERR479209/ERR479209_2.fastq.gz	3ce929d74f7493c271fb7ee4da960ab7	7acb458f23ac60a230e3528b89affaf6	448481266	461920146
CCIS51595129ST-4-0	Control	Public_study__ZellerG_2014	ERR479210	SAMEA2467034	ERS436791	https://ftp.sra.ebi.ac.uk/vol1/fastq/ERR479/ERR479210/ERR479210_1.fastq.gz	https://ftp.sra.ebi.ac.uk/vol1/fastq/ERR479/ERR479210/ERR479210_2.fastq.gz	8e44635974f6fa5e6914fd84f4164c0b	ec5bc95e356cd058a31b44c7d24c536c	451455369	465166374
CCIS51595129ST-4-0	Control	Public_study__ZellerG_2014	ERR479211	SAMEA2467034	ERS436791	https://ftp.sra.ebi.ac.uk/vol1/fastq/ERR479/ERR479211/ERR479211_1.fastq.gz	https://ftp.sra.ebi.ac.uk/vol1/fastq/ERR479/ERR479211/ERR479211_2.fastq.gz	699b2e7110446d966ffe5a243b597185	2ddb6a6ce0178fa4fad03e3f4707eb97	451743079	463295441
CCIS51595129ST-4-0	Control	Public_study__ZellerG_2014	ERR479212	SAMEA2467034	ERS436791	https://ftp.sra.ebi.ac.uk/vol1/fastq/ERR479/ERR479212/ERR479212_1.fastq.gz	https://ftp.sra.ebi.ac.uk/vol1/fastq/ERR479/ERR479212/ERR479212_2.fastq.gz	1bed85d65daba9db93a2a6b80bcb61f4	ee5b87a0564baa445cd6d2776f55669c	448138200	457783121
CCIS51667829ST-4-0	Adenoma	Public_study__ZellerG_2014	ERR479213	SAMEA2466899	ERS436656	https://ftp.sra.ebi.ac.uk/vol1/fastq/ERR479/ERR479213/ERR479213_1.fastq.gz	https://ftp.sra.ebi.ac.uk/vol1/fastq/ERR479/ERR479213/ERR479213_2.fastq.gz	78ab643fa06e06b247a765e3850b7fbb	39fbd20736c2475fc6bc6939088e0175	496339853	512080824
CCIS51667829ST-4-0	Adenoma	Public_study__ZellerG_2014	ERR479214	SAMEA2466899	ERS436656	https://ftp.sra.ebi.ac.uk/vol1/fastq/ERR479/ERR479214/ERR479214_1.fastq.gz	https://ftp.sra.ebi.ac.uk/vol1/fastq/ERR479/ERR479214/ERR479214_2.fastq.gz	7bc2e02826bc0f364bc8cff0835fd550	d82facdd5afa77aaa96bc8c95bcdbc77	596893056	621281865
CCIS51667829ST-4-0	Adenoma	Public_study__ZellerG_2014	ERR479215	SAMEA2466899	ERS436656	https://ftp.sra.ebi.ac.uk/vol1/fastq/ERR479/ERR479215/ERR479215_1.fastq.gz	https://ftp.sra.ebi.ac.uk/vol1/fastq/ERR479/ERR479215/ERR479215_2.fastq.gz	3ab9d2a45e48dc13a44141161a50b103	b33e77685df16bd91673eecf90817a21	605078125	627268452
CCIS51667829ST-4-0	Adenoma	Public_study__ZellerG_2014	ERR479216	SAMEA2466899	ERS436656	https://ftp.sra.ebi.ac.uk/vol1/fastq/ERR479/ERR479216/ERR479216_1.fastq.gz	https://ftp.sra.ebi.ac.uk/vol1/fastq/ERR479/ERR479216/ERR479216_2.fastq.gz	534c0ec15978a7602c22ceb21303effc	34ae56825b9ffb7786ce4d2167cc3874	611650164	634144756
CCIS52234160ST-4-0	Adenoma	Public_study__ZellerG_2014	ERR479217	SAMEA2466949	ERS436706	https://ftp.sra.ebi.ac.uk/vol1/fastq/ERR479/ERR479217/ERR479217_1.fastq.gz	https://ftp.sra.ebi.ac.uk/vol1/fastq/ERR479/ERR479217/ERR479217_2.fastq.gz	951c89606d23c9843ebcf4435f4c0830	cc796069e18b5606e1f800f685e4b057	844185157	855170104
CCIS52234160ST-4-0	Adenoma	Public_study__ZellerG_2014	ERR479218	SAMEA2466949	ERS436706	https://ftp.sra.ebi.ac.uk/vol1/fastq/ERR479/ERR479218/ERR479218_1.fastq.gz	https://ftp.sra.ebi.ac.uk/vol1/fastq/ERR479/ERR479218/ERR479218_2.fastq.gz	7e7cdc9303f6832fb10a5dffb2e22c1f	36416971454b2b54b88c3fb597dce3e5	830666554	841273926
CCIS52370277ST-4-0	CRC	Public_study__ZellerG_2014	ERR479219	SAMEA2467004	ERS436761	https://ftp.sra.ebi.ac.uk/vol1/fastq/ERR479/ERR479219/ERR479219_1.fastq.gz	https://ftp.sra.ebi.ac.uk/vol1/fastq/ERR479/ERR479219/ERR479219_2.fastq.gz	23cd59167aab1ee2d2a20e330d1efac5	61f2a0e518cdbd4a84f9981a2c5ad794	486302232	486983181
CCIS52370277ST-4-0	CRC	Public_study__ZellerG_2014	ERR479220	SAMEA2467004	ERS436761	https://ftp.sra.ebi.ac.uk/vol1/fastq/ERR479/ERR479220/ERR479220_1.fastq.gz	https://ftp.sra.ebi.ac.uk/vol1/fastq/ERR479/ERR479220/ERR479220_2.fastq.gz	8337ed528176d118ccdeeff3bc9a4a5b	0b0296d506928fcdb137d3115775a4e1	470021227	465046601
CCIS52370277ST-4-0	CRC	Public_study__ZellerG_2014	ERR479221	SAMEA2467004	ERS436761	https://ftp.sra.ebi.ac.uk/vol1/fastq/ERR479/ERR479221/ERR479221_1.fastq.gz	https://ftp.sra.ebi.ac.uk/vol1/fastq/ERR479/ERR479221/ERR479221_2.fastq.gz	2471ac48b077451d19941b0089184a7b	ed1372238624f9766773f002da2bca96	483547059	481550545
CCIS52370277ST-4-0	CRC	Public_study__ZellerG_2014	ERR479222	SAMEA2467004	ERS436761	https://ftp.sra.ebi.ac.uk/vol1/fastq/ERR479/ERR479222/ERR479222_1.fastq.gz	https://ftp.sra.ebi.ac.uk/vol1/fastq/ERR479/ERR479222/ERR479222_2.fastq.gz	7fc11cbda15756d9ba221b8286a07e3a	bae25a820ce264a8ccbcfee2fe4fe961	479924618	478805144
CCIS53043478ST-4-0	CRC	Public_study__ZellerG_2014	ERR479223	SAMEA2466963	ERS436720	https://ftp.sra.ebi.ac.uk/vol1/fastq/ERR479/ERR479223/ERR479223_1.fastq.gz	https://ftp.sra.ebi.ac.uk/vol1/fastq/ERR479/ERR479223/ERR479223_2.fastq.gz	1206212c1badccd85025e145d290cb12	7c0994c72df1fe7f72760df0c52b00c5	673958252	678132598
CCIS53043478ST-4-0	CRC	Public_study__ZellerG_2014	ERR479224	SAMEA2466963	ERS436720	https://ftp.sra.ebi.ac.uk/vol1/fastq/ERR479/ERR479224/ERR479224_1.fastq.gz	https://ftp.sra.ebi.ac.uk/vol1/fastq/ERR479/ERR479224/ERR479224_2.fastq.gz	e23c3c651dbd87c143abef22c6bc8a84	ea22ceeb8c767e888019bb347994b174	658562299	666859609
CCIS53355328ST-4-0	CRC	Public_study__ZellerG_2014	ERR479225	SAMEA2466930	ERS436687	https://ftp.sra.ebi.ac.uk/vol1/fastq/ERR479/ERR479225/ERR479225_1.fastq.gz	https://ftp.sra.ebi.ac.uk/vol1/fastq/ERR479/ERR479225/ERR479225_2.fastq.gz	0a636e271a3bc6d834e547e9f034921a	9a17dafcbda4d6f3c38d6fbf18b546a9	603089942	610054835
CCIS53355328ST-4-0	CRC	Public_study__ZellerG_2014	ERR479226	SAMEA2466930	ERS436687	https://ftp.sra.ebi.ac.uk/vol1/fastq/ERR479/ERR479226/ERR479226_1.fastq.gz	https://ftp.sra.ebi.ac.uk/vol1/fastq/ERR479/ERR479226/ERR479226_2.fastq.gz	01eb3f4b18b0e51b15251001f8523665	45ce58f1773fde33747519babd39018b	594420137	610750272
CCIS53557295ST-4-0	Adenoma	Public_study__ZellerG_2014	ERR479227	SAMEA2466975	ERS436732	https://ftp.sra.ebi.ac.uk/vol1/fastq/ERR479/ERR479227/ERR479227_1.fastq.gz	https://ftp.sra.ebi.ac.uk/vol1/fastq/ERR479/ERR479227/ERR479227_2.fastq.gz	c3e865522043fe2d0934673fd6d46f7a	fac0859572a584a951eb45a4a3c859bf	271719549	272586544
CCIS53557295ST-4-0	Adenoma	Public_study__ZellerG_2014	ERR479228	SAMEA2466975	ERS436732	https://ftp.sra.ebi.ac.uk/vol1/fastq/ERR479/ERR479228/ERR479228_1.fastq.gz	https://ftp.sra.ebi.ac.uk/vol1/fastq/ERR479/ERR479228/ERR479228_2.fastq.gz	355562dd59bf1454dd7bbeb6cbafaeab	b06465b2db19aaf899a314d8d1124b32	260010171	257382911
CCIS53557295ST-4-0	Adenoma	Public_study__ZellerG_2014	ERR479229	SAMEA2466975	ERS436732	https://ftp.sra.ebi.ac.uk/vol1/fastq/ERR479/ERR479229/ERR479229_1.fastq.gz	https://ftp.sra.ebi.ac.uk/vol1/fastq/ERR479/ERR479229/ERR479229_2.fastq.gz	5712db0f8bcdf77890cc1fcd98626788	41c767efe73603efb04ef77991b00674	267346371	267166530
CCIS53557295ST-4-0	Adenoma	Public_study__ZellerG_2014	ERR479230	SAMEA2466975	ERS436732	https://ftp.sra.ebi.ac.uk/vol1/fastq/ERR479/ERR479230/ERR479230_1.fastq.gz	https://ftp.sra.ebi.ac.uk/vol1/fastq/ERR479/ERR479230/ERR479230_2.fastq.gz	7fc8b1c9ff527a6e73a74ae939fcd7a9	8764f79a480c82c944ff3a09cbdd29b9	268429001	267291764
CCIS54027808ST-4-0	Adenoma	Public_study__ZellerG_2014	ERR479231	SAMEA2467008	ERS436765	https://ftp.sra.ebi.ac.uk/vol1/fastq/ERR479/ERR479231/ERR479231_1.fastq.gz	https://ftp.sra.ebi.ac.uk/vol1/fastq/ERR479/ERR479231/ERR479231_2.fastq.gz	ddfd23af2c42d482d549e828c98a6761	5e242620e44bbe27bd0ad1faa78ca3b6	411359476	412506381
CCIS54027808ST-4-0	Adenoma	Public_study__ZellerG_2014	ERR479232	SAMEA2467008	ERS436765	https://ftp.sra.ebi.ac.uk/vol1/fastq/ERR479/ERR479232/ERR479232_1.fastq.gz	https://ftp.sra.ebi.ac.uk/vol1/fastq/ERR479/ERR479232/ERR479232_2.fastq.gz	d791bee3d96bf56a4613d821b5bc470d	2712f1c1842fb8ec33f050940feeaa53	396820893	392686998
CCIS54027808ST-4-0	Adenoma	Public_study__ZellerG_2014	ERR479233	SAMEA2467008	ERS436765	https://ftp.sra.ebi.ac.uk/vol1/fastq/ERR479/ERR479233/ERR479233_1.fastq.gz	https://ftp.sra.ebi.ac.uk/vol1/fastq/ERR479/ERR479233/ERR479233_2.fastq.gz	0e231703f7e72af7b3324218ca4a6d73	c220be3cc22146fb1988e070c4d9cda7	407678088	405957620
CCIS54027808ST-4-0	Adenoma	Public_study__ZellerG_2014	ERR479234	SAMEA2467008	ERS436765	https://ftp.sra.ebi.ac.uk/vol1/fastq/ERR479/ERR479234/ERR479234_1.fastq.gz	https://ftp.sra.ebi.ac.uk/vol1/fastq/ERR479/ERR479234/ERR479234_2.fastq.gz	5b6bcc3bb8084e4b784e70304f04079d	a26583698a218443514fcda81f659b1b	404920507	404223857
CCIS55230578ST-4-0	CRC	Public_study__ZellerG_2014	ERR479235	SAMEA2466986	ERS436743	https://ftp.sra.ebi.ac.uk/vol1/fastq/ERR479/ERR479235/ERR479235_1.fastq.gz	https://ftp.sra.ebi.ac.uk/vol1/fastq/ERR479/ERR479235/ERR479235_2.fastq.gz	79032050b3d0b3229848303475bb97c7	9837ec7dc2ac5b6634663793304c72be	697012024	707596915
CCIS55230578ST-4-0	CRC	Public_study__ZellerG_2014	ERR479236	SAMEA2466986	ERS436743	https://ftp.sra.ebi.ac.uk/vol1/fastq/ERR479/ERR479236/ERR479236_1.fastq.gz	https://ftp.sra.ebi.ac.uk/vol1/fastq/ERR479/ERR479236/ERR479236_2.fastq.gz	366a86f0c6e5982b362e6afa5e9fb994	81214bf628300ee80b284709edf01996	695326569	707180016
CCIS55230578ST-4-0	CRC	Public_study__ZellerG_2014	ERR479237	SAMEA2466986	ERS436743	https://ftp.sra.ebi.ac.uk/vol1/fastq/ERR479/ERR479237/ERR479237_1.fastq.gz	https://ftp.sra.ebi.ac.uk/vol1/fastq/ERR479/ERR479237/ERR479237_2.fastq.gz	2c77f02a89b7722527d5fa95318ee6df	cfb72197cd67e831ce7dd97a0adcb26b	521896881	693943347
CCIS55531770ST-4-0	Adenoma	Public_study__ZellerG_2014	ERR479238	SAMEA2466994	ERS436751	https://ftp.sra.ebi.ac.uk/vol1/fastq/ERR479/ERR479238/ERR479238_1.fastq.gz	https://ftp.sra.ebi.ac.uk/vol1/fastq/ERR479/ERR479238/ERR479238_2.fastq.gz	0f2a22eb199d40441c40dbe81f948e12	3f046dbfc8a68fa52cd358116bda00a8	254495751	259476576
CCIS55531770ST-4-0	Adenoma	Public_study__ZellerG_2014	ERR479239	SAMEA2466994	ERS436751	https://ftp.sra.ebi.ac.uk/vol1/fastq/ERR479/ERR479239/ERR479239_1.fastq.gz	https://ftp.sra.ebi.ac.uk/vol1/fastq/ERR479/ERR479239/ERR479239_2.fastq.gz	be3bb1e0d55d86aad1147791c32375ac	2022594657cfc60c8a6bec1d29bc877a	35444746	31747491
CCIS55531770ST-4-0	Adenoma	Public_study__ZellerG_2014	ERR479240	SAMEA2466994	ERS436751	https://ftp.sra.ebi.ac.uk/vol1/fastq/ERR479/ERR479240/ERR479240_1.fastq.gz	https://ftp.sra.ebi.ac.uk/vol1/fastq/ERR479/ERR479240/ERR479240_2.fastq.gz	d0fbc56c3ad5c40df5b5fac43635958d	789499cde41c689332737a5888a99f0c	216249603	220794824
CCIS56503244ST-3-0	Adenoma	Public_study__ZellerG_2014	ERR479241	SAMEA2466906	ERS436663	https://ftp.sra.ebi.ac.uk/vol1/fastq/ERR479/ERR479241/ERR479241_1.fastq.gz	https://ftp.sra.ebi.ac.uk/vol1/fastq/ERR479/ERR479241/ERR479241_2.fastq.gz	53ee5ba5a57d3f803f8af31793e70303	c16c772744e382c9564844e609c228be	452635555	459427384
CCIS56503244ST-3-0	Adenoma	Public_study__ZellerG_2014	ERR479242	SAMEA2466906	ERS436663	https://ftp.sra.ebi.ac.uk/vol1/fastq/ERR479/ERR479242/ERR479242_1.fastq.gz	https://ftp.sra.ebi.ac.uk/vol1/fastq/ERR479/ERR479242/ERR479242_2.fastq.gz	fe5fb97aa0b049a0b1612c039d777374	b5476be0ec67dafab5ffaa0f961da530	442785713	449988215
CCIS58234805ST-4-0	CRC	Public_study__ZellerG_2014	ERR479243	SAMEA2466926	ERS436683	https://ftp.sra.ebi.ac.uk/vol1/fastq/ERR479/ERR479243/ERR479243_1.fastq.gz	https://ftp.sra.ebi.ac.uk/vol1/fastq/ERR479/ERR479243/ERR479243_2.fastq.gz	a1e84ace20df56ffa970400361fc3e53	8ada11d3efa44d77f2d8f519150bfccc	444832696	439961229
CCIS58234805ST-4-0	CRC	Public_study__ZellerG_2014	ERR479244	SAMEA2466926	ERS436683	https://ftp.sra.ebi.ac.uk/vol1/fastq/ERR479/ERR479244/ERR479244_1.fastq.gz	https://ftp.sra.ebi.ac.uk/vol1/fastq/ERR479/ERR479244/ERR479244_2.fastq.gz	d58f5e83c11e9fcd35cc3f8b096beaca	b9466aea2e3029919abf67c91d63de0c	388194978	403142961
CCIS59132091ST-4-0	CRC	Public_study__ZellerG_2014	ERR479245	SAMEA2466968	ERS436725	https://ftp.sra.ebi.ac.uk/vol1/fastq/ERR479/ERR479245/ERR479245_1.fastq.gz	https://ftp.sra.ebi.ac.uk/vol1/fastq/ERR479/ERR479245/ERR479245_2.fastq.gz	c0998505f30bca7bbc2bc7a124af2ddb	a820d3a39949fb1ae7f22c2d662b7f22	763609469	766288269
CCIS59132091ST-4-0	CRC	Public_study__ZellerG_2014	ERR479246	SAMEA2466968	ERS436725	https://ftp.sra.ebi.ac.uk/vol1/fastq/ERR479/ERR479246/ERR479246_1.fastq.gz	https://ftp.sra.ebi.ac.uk/vol1/fastq/ERR479/ERR479246/ERR479246_2.fastq.gz	e1c27e2737ed54a8dcb86ee8143f93a7	418770b807b9bf871cfd09418a0b90a2	867924299	879320579
CCIS59132091ST-4-0	CRC	Public_study__ZellerG_2014	ERR479247	SAMEA2466968	ERS436725	https://ftp.sra.ebi.ac.uk/vol1/fastq/ERR479/ERR479247/ERR479247_1.fastq.gz	https://ftp.sra.ebi.ac.uk/vol1/fastq/ERR479/ERR479247/ERR479247_2.fastq.gz	c1d4389e78aa9bd49e3cd97527085544	cc4750f55eea7b5a7e6b85514783e9a4	880168084	889557772
CCIS59132091ST-4-0	CRC	Public_study__ZellerG_2014	ERR479248	SAMEA2466968	ERS436725	https://ftp.sra.ebi.ac.uk/vol1/fastq/ERR479/ERR479248/ERR479248_1.fastq.gz	https://ftp.sra.ebi.ac.uk/vol1/fastq/ERR479/ERR479248/ERR479248_2.fastq.gz	453e1cde455ce74c36b85fc1807e3d37	94f672e2ec2f57bb24ce03035c4cee58	890941837	901069254
CCIS59903910ST-4-0	Adenoma	Public_study__ZellerG_2014	ERR479249	SAMEA2466999	ERS436756	https://ftp.sra.ebi.ac.uk/vol1/fastq/ERR479/ERR479249/ERR479249_1.fastq.gz	https://ftp.sra.ebi.ac.uk/vol1/fastq/ERR479/ERR479249/ERR479249_2.fastq.gz	57a95cfd650eb6a6ef97c675df806423	3539654bbb3a89f10a390cd7d03f10a7	836661138	839732140
CCIS59903910ST-4-0	Adenoma	Public_study__ZellerG_2014	ERR479250	SAMEA2466999	ERS436756	https://ftp.sra.ebi.ac.uk/vol1/fastq/ERR479/ERR479250/ERR479250_1.fastq.gz	https://ftp.sra.ebi.ac.uk/vol1/fastq/ERR479/ERR479250/ERR479250_2.fastq.gz	424599f2c0f45b9d4b87a87b1842b472	a0b64304cfe6063a8a43ce75ce168fee	1033939591	1048923764
CCIS61287323ST-4-0	CRC	Public_study__ZellerG_2014	ERR479251	SAMEA2466938	ERS436695	https://ftp.sra.ebi.ac.uk/vol1/fastq/ERR479/ERR479251/ERR479251_1.fastq.gz	https://ftp.sra.ebi.ac.uk/vol1/fastq/ERR479/ERR479251/ERR479251_2.fastq.gz	fc6686cb00c5e889a6824eb3e4fc21ee	c4d86d8aa284d9250a5884144962cc1b	911364009	921111721
CCIS61287323ST-4-0	CRC	Public_study__ZellerG_2014	ERR479252	SAMEA2466938	ERS436695	https://ftp.sra.ebi.ac.uk/vol1/fastq/ERR479/ERR479252/ERR479252_1.fastq.gz	https://ftp.sra.ebi.ac.uk/vol1/fastq/ERR479/ERR479252/ERR479252_2.fastq.gz	2cb5b02061b99d8cf439b1f2650c2c6b	e6dd1942b154c0668edb516f3f049679	894599087	875621345
CCIS61287323ST-4-0	CRC	Public_study__ZellerG_2014	ERR479253	SAMEA2466938	ERS436695	https://ftp.sra.ebi.ac.uk/vol1/fastq/ERR479/ERR479253/ERR479253_1.fastq.gz	https://ftp.sra.ebi.ac.uk/vol1/fastq/ERR479/ERR479253/ERR479253_2.fastq.gz	3d0cde428b3e81a17a449a95c716e9af	736d78c72cdb78ea22dcf1ea68b33789	681282690	899054950
CCIS62605362ST-3-0	CRC	Public_study__ZellerG_2014	ERR479254	SAMEA2466955	ERS436712	https://ftp.sra.ebi.ac.uk/vol1/fastq/ERR479/ERR479254/ERR479254_1.fastq.gz	https://ftp.sra.ebi.ac.uk/vol1/fastq/ERR479/ERR479254/ERR479254_2.fastq.gz	1a4a9cd6feec2c049998262d7e237307	739df149028143b2ce716cbd65624a99	4214077970	4247369747
CCIS62794166ST-4-0	CRC	Public_study__ZellerG_2014	ERR479255	SAMEA2466991	ERS436748	https://ftp.sra.ebi.ac.uk/vol1/fastq/ERR479/ERR479255/ERR479255_1.fastq.gz	https://ftp.sra.ebi.ac.uk/vol1/fastq/ERR479/ERR479255/ERR479255_2.fastq.gz	d34b925bb6e173f34f2ada4815d00e00	e4dd6f1efc24aa8679aecf04970e2799	337727815	338601869
CCIS62794166ST-4-0	CRC	Public_study__ZellerG_2014	ERR479256	SAMEA2466991	ERS436748	https://ftp.sra.ebi.ac.uk/vol1/fastq/ERR479/ERR479256/ERR479256_1.fastq.gz	https://ftp.sra.ebi.ac.uk/vol1/fastq/ERR479/ERR479256/ERR479256_2.fastq.gz	20d290c8dc5f7047c2940e66cc8ef5c3	fc297a8d375833e068b8a41f13c7d0cb	323158636	319032849
CCIS62794166ST-4-0	CRC	Public_study__ZellerG_2014	ERR479257	SAMEA2466991	ERS436748	https://ftp.sra.ebi.ac.uk/vol1/fastq/ERR479/ERR479257/ERR479257_1.fastq.gz	https://ftp.sra.ebi.ac.uk/vol1/fastq/ERR479/ERR479257/ERR479257_2.fastq.gz	a581ff41c4fe1d363db55d7dce774cfc	1f6cfba759705fe166dfc57396be6615	334531209	332670777
CCIS62794166ST-4-0	CRC	Public_study__ZellerG_2014	ERR479258	SAMEA2466991	ERS436748	https://ftp.sra.ebi.ac.uk/vol1/fastq/ERR479/ERR479258/ERR479258_1.fastq.gz	https://ftp.sra.ebi.ac.uk/vol1/fastq/ERR479/ERR479258/ERR479258_2.fastq.gz	d409e0a19de1be06e35fb9360db20a62	1d76c66fdc3a30c272617af1c9083bed	332476200	331919754
CCIS63448910ST-4-0	Control	Public_study__ZellerG_2014	ERR479259	SAMEA2467032	ERS436789	https://ftp.sra.ebi.ac.uk/vol1/fastq/ERR479/ERR479259/ERR479259_1.fastq.gz	https://ftp.sra.ebi.ac.uk/vol1/fastq/ERR479/ERR479259/ERR479259_2.fastq.gz	62083cc3d8b73464fffafe3fbcfd3773	b183c84d3e9a18165b150e48205b0288	473894724	485834048
CCIS63448910ST-4-0	Control	Public_study__ZellerG_2014	ERR479260	SAMEA2467032	ERS436789	https://ftp.sra.ebi.ac.uk/vol1/fastq/ERR479/ERR479260/ERR479260_1.fastq.gz	https://ftp.sra.ebi.ac.uk/vol1/fastq/ERR479/ERR479260/ERR479260_2.fastq.gz	6701d237b054e465807e597d59f752f4	0fe792dc652d3f0f96390f90e4c31ce3	467234714	480469751
CCIS63448910ST-4-0	Control	Public_study__ZellerG_2014	ERR479261	SAMEA2467032	ERS436789	https://ftp.sra.ebi.ac.uk/vol1/fastq/ERR479/ERR479261/ERR479261_1.fastq.gz	https://ftp.sra.ebi.ac.uk/vol1/fastq/ERR479/ERR479261/ERR479261_2.fastq.gz	3ffe7835bb15bcaefd06b2770030df80	0e68253c3c8f13d4db3e9f38d6fe6e19	467395193	481634300
CCIS63448910ST-4-0	Control	Public_study__ZellerG_2014	ERR479262	SAMEA2467032	ERS436789	https://ftp.sra.ebi.ac.uk/vol1/fastq/ERR479/ERR479262/ERR479262_1.fastq.gz	https://ftp.sra.ebi.ac.uk/vol1/fastq/ERR479/ERR479262/ERR479262_2.fastq.gz	a6014a01ff33712fa48277ffe0961015	8646c58e0f59d87e762b4b79900c67aa	471248403	484927287
CCIS63468405ST-4-0	Control	Public_study__ZellerG_2014	ERR479263	SAMEA2467016	ERS436773	https://ftp.sra.ebi.ac.uk/vol1/fastq/ERR479/ERR479263/ERR479263_1.fastq.gz	https://ftp.sra.ebi.ac.uk/vol1/fastq/ERR479/ERR479263/ERR479263_2.fastq.gz	dda49d387d46a71eed9ca54f792c8f11	b4ad21bf4b336c550318ce42a0393c12	553368223	562809475
CCIS63468405ST-4-0	Control	Public_study__ZellerG_2014	ERR479264	SAMEA2467016	ERS436773	https://ftp.sra.ebi.ac.uk/vol1/fastq/ERR479/ERR479264/ERR479264_1.fastq.gz	https://ftp.sra.ebi.ac.uk/vol1/fastq/ERR479/ERR479264/ERR479264_2.fastq.gz	f21b101ddb2bcbbb3a79f01ff2a0c7f6	fb547f03db37c94293d41d3416e4686f	555937139	565710042
CCIS63468405ST-4-0	Control	Public_study__ZellerG_2014	ERR479265	SAMEA2467016	ERS436773	https://ftp.sra.ebi.ac.uk/vol1/fastq/ERR479/ERR479265/ERR479265_1.fastq.gz	https://ftp.sra.ebi.ac.uk/vol1/fastq/ERR479/ERR479265/ERR479265_2.fastq.gz	4bc6b0ed9c0fc3c066b0f2a8247892fd	acc8775c4e1c95eb65203285ed7fc507	554462573	561671529
CCIS63468405ST-4-0	Control	Public_study__ZellerG_2014	ERR479266	SAMEA2467016	ERS436773	https://ftp.sra.ebi.ac.uk/vol1/fastq/ERR479/ERR479266/ERR479266_1.fastq.gz	https://ftp.sra.ebi.ac.uk/vol1/fastq/ERR479/ERR479266/ERR479266_2.fastq.gz	eb32312961362c23494469d2c8fc15aa	5fcb043a2c679f73122c82601e283ce1	550033466	555979732
CCIS63910149ST-4-0	Control	Public_study__ZellerG_2014	ERR479267	SAMEA2466982	ERS436739	https://ftp.sra.ebi.ac.uk/vol1/fastq/ERR479/ERR479267/ERR479267_1.fastq.gz	https://ftp.sra.ebi.ac.uk/vol1/fastq/ERR479/ERR479267/ERR479267_2.fastq.gz	daafb24b394de7b932eb7d590e08e505	f090abc4764693160415ae1dd5e179a5	272593574	276063038
CCIS63910149ST-4-0	Control	Public_study__ZellerG_2014	ERR479268	SAMEA2466982	ERS436739	https://ftp.sra.ebi.ac.uk/vol1/fastq/ERR479/ERR479268/ERR479268_1.fastq.gz	https://ftp.sra.ebi.ac.uk/vol1/fastq/ERR479/ERR479268/ERR479268_2.fastq.gz	fc6ad5dfe8b8221c9040a9ac376291b2	570fe22b12292bf5c597cfdbe9a198af	44648162	38369774
CCIS63910149ST-4-0	Control	Public_study__ZellerG_2014	ERR479269	SAMEA2466982	ERS436739	https://ftp.sra.ebi.ac.uk/vol1/fastq/ERR479/ERR479269/ERR479269_1.fastq.gz	https://ftp.sra.ebi.ac.uk/vol1/fastq/ERR479/ERR479269/ERR479269_2.fastq.gz	41f5f183c78b67e7d9f1690a537c91f1	66845c9c4ef421f2301274dfb2e1b3aa	250186542	253809812
CCIS64773582ST-4-0	Control	Public_study__ZellerG_2014	ERR479270	SAMEA2466913	ERS436670	https://ftp.sra.ebi.ac.uk/vol1/fastq/ERR479/ERR479270/ERR479270_1.fastq.gz	https://ftp.sra.ebi.ac.uk/vol1/fastq/ERR479/ERR479270/ERR479270_2.fastq.gz	4766e114207a21f0d96a0abd28f98039	1f4d5d6470534b9bb28a0388cdf72f2e	794882017	796402679
CCIS64773582ST-4-0	Control	Public_study__ZellerG_2014	ERR479271	SAMEA2466913	ERS436670	https://ftp.sra.ebi.ac.uk/vol1/fastq/ERR479/ERR479271/ERR479271_1.fastq.gz	https://ftp.sra.ebi.ac.uk/vol1/fastq/ERR479/ERR479271/ERR479271_2.fastq.gz	7748f07ce5ffe0003d5e565ba76b81d5	0d98253d0f6a904650b80723376791cf	785226506	790131760
CCIS64773582ST-4-0	Control	Public_study__ZellerG_2014	ERR479272	SAMEA2466913	ERS436670	https://ftp.sra.ebi.ac.uk/vol1/fastq/ERR479/ERR479272/ERR479272_1.fastq.gz	https://ftp.sra.ebi.ac.uk/vol1/fastq/ERR479/ERR479272/ERR479272_2.fastq.gz	03d45991cfa0bb950c8600d27c6a17b5	202dca9254e332f0ea4bf49f140fdbe9	760796399	772009956
CCIS64773582ST-4-0	Control	Public_study__ZellerG_2014	ERR479273	SAMEA2466913	ERS436670	https://ftp.sra.ebi.ac.uk/vol1/fastq/ERR479/ERR479273/ERR479273_1.fastq.gz	https://ftp.sra.ebi.ac.uk/vol1/fastq/ERR479/ERR479273/ERR479273_2.fastq.gz	6864a965fd56de691186cd714ccc5a1c	41d4bbca09ca88e428ee4a296f122831	776426330	782005312
CCIS64785924ST-20-0	Control	Public_study__ZellerG_2014	ERR479274	SAMEA2466909	ERS436666	https://ftp.sra.ebi.ac.uk/vol1/fastq/ERR479/ERR479274/ERR479274_1.fastq.gz	https://ftp.sra.ebi.ac.uk/vol1/fastq/ERR479/ERR479274/ERR479274_2.fastq.gz	6f4409b33a46685ef8af87f08c761abe	0a54df0b90767c5b724041e47615c3b5	223632169	224486669
CCIS64785924ST-20-0	Control	Public_study__ZellerG_2014	ERR479275	SAMEA2466909	ERS436666	https://ftp.sra.ebi.ac.uk/vol1/fastq/ERR479/ERR479275/ERR479275_1.fastq.gz	https://ftp.sra.ebi.ac.uk/vol1/fastq/ERR479/ERR479275/ERR479275_2.fastq.gz	f8da667e71c4472ec5df35ffa4da3e5c	4d5aa1cd4fa2d66ce296f27d2adbcac7	230233109	230849854
CCIS65479369ST-4-0	CRC	Public_study__ZellerG_2014	ERR479276	SAMEA2466990	ERS436747	https://ftp.sra.ebi.ac.uk/vol1/fastq/ERR479/ERR479276/ERR479276_1.fastq.gz	https://ftp.sra.ebi.ac.uk/vol1/fastq/ERR479/ERR479276/ERR479276_2.fastq.gz	feeebf68b58f4cc0aa381056cab555d0	bd92e2323caefb966b8334158f07d1b5	143105789	143549821
CCIS65479369ST-4-0	CRC	Public_study__ZellerG_2014	ERR479277	SAMEA2466990	ERS436747	https://ftp.sra.ebi.ac.uk/vol1/fastq/ERR479/ERR479277/ERR479277_1.fastq.gz	https://ftp.sra.ebi.ac.uk/vol1/fastq/ERR479/ERR479277/ERR479277_2.fastq.gz	7ab32a25ac02dd11a18d8d9925a7fa02	1863651df085256337876f0e1786332a	138173359	136919086
CCIS65479369ST-4-0	CRC	Public_study__ZellerG_2014	ERR479278	SAMEA2466990	ERS436747	https://ftp.sra.ebi.ac.uk/vol1/fastq/ERR479/ERR479278/ERR479278_1.fastq.gz	https://ftp.sra.ebi.ac.uk/vol1/fastq/ERR479/ERR479278/ERR479278_2.fastq.gz	2144b00b7329794ee841bb5dd0a7d1e7	66577fcab97410f8d5095b9338e9572f	141071968	140965560
CCIS65479369ST-4-0	CRC	Public_study__ZellerG_2014	ERR479279	SAMEA2466990	ERS436747	https://ftp.sra.ebi.ac.uk/vol1/fastq/ERR479/ERR479279/ERR479279_1.fastq.gz	https://ftp.sra.ebi.ac.uk/vol1/fastq/ERR479/ERR479279/ERR479279_2.fastq.gz	a49ea90387e36da59f4dbd0b4538bee3	9d5318c6b008d73570bf45497c26629f	142503296	142087402
CCIS70398272ST-4-0	Adenoma	Public_study__ZellerG_2014	ERR479280	SAMEA2466995	ERS436752	https://ftp.sra.ebi.ac.uk/vol1/fastq/ERR479/ERR479280/ERR479280_1.fastq.gz	https://ftp.sra.ebi.ac.uk/vol1/fastq/ERR479/ERR479280/ERR479280_2.fastq.gz	040ee167538bdbd74bf659b1e2f355ca	9c1dcbceebc875b0daec01ba5c9910ef	649682432	656057541
CCIS70398272ST-4-0	Adenoma	Public_study__ZellerG_2014	ERR479281	SAMEA2466995	ERS436752	https://ftp.sra.ebi.ac.uk/vol1/fastq/ERR479/ERR479281/ERR479281_1.fastq.gz	https://ftp.sra.ebi.ac.uk/vol1/fastq/ERR479/ERR479281/ERR479281_2.fastq.gz	f81b25032fb6b7a5fbc468d981868ee3	51a57e926c2940a3c87a5bc8890c998f	644509195	651251362
CCIS70398272ST-4-0	Adenoma	Public_study__ZellerG_2014	ERR479282	SAMEA2466995	ERS436752	https://ftp.sra.ebi.ac.uk/vol1/fastq/ERR479/ERR479282/ERR479282_1.fastq.gz	https://ftp.sra.ebi.ac.uk/vol1/fastq/ERR479/ERR479282/ERR479282_2.fastq.gz	befa09ddf5ffd091a4af5828e5b4f14a	2a0df9c6b6c6412c0c00245194578771	655876876	664175092
CCIS70398272ST-4-0	Adenoma	Public_study__ZellerG_2014	ERR479283	SAMEA2466995	ERS436752	https://ftp.sra.ebi.ac.uk/vol1/fastq/ERR479/ERR479283/ERR479283_1.fastq.gz	https://ftp.sra.ebi.ac.uk/vol1/fastq/ERR479/ERR479283/ERR479283_2.fastq.gz	36618f850a3d06040cc313135cc85b7f	e2554e10f5aebbdd0d88fe605a6a8da7	651693589	652778642
CCIS71301801ST-4-0	CRC	Public_study__ZellerG_2014	ERR479284	SAMEA2466928	ERS436685	https://ftp.sra.ebi.ac.uk/vol1/fastq/ERR479/ERR479284/ERR479284_1.fastq.gz	https://ftp.sra.ebi.ac.uk/vol1/fastq/ERR479/ERR479284/ERR479284_2.fastq.gz	5437db61b9581f8f2f741ef7b2afffe9	b89355d557a318dd5963eae23576f412	1623467391	1634129840
CCIS71301801ST-4-0	CRC	Public_study__ZellerG_2014	ERR479285	SAMEA2466928	ERS436685	https://ftp.sra.ebi.ac.uk/vol1/fastq/ERR479/ERR479285/ERR479285_1.fastq.gz	https://ftp.sra.ebi.ac.uk/vol1/fastq/ERR479/ERR479285/ERR479285_2.fastq.gz	a0a175e40a39a8bac81ff48b17fdf5cd	26d7524d3f923c38ecf93c2d2dca73db	1600984265	1617444782
CCIS71578391ST-4-0	Control	Public_study__ZellerG_2014	ERR479286	SAMEA2467022	ERS436779	https://ftp.sra.ebi.ac.uk/vol1/fastq/ERR479/ERR479286/ERR479286_1.fastq.gz	https://ftp.sra.ebi.ac.uk/vol1/fastq/ERR479/ERR479286/ERR479286_2.fastq.gz	a7482c21966681603ac0da13da37dd7c	7df1a823c8b5a14e7cf22f64063e4ac2	605355574	620406448
CCIS71578391ST-4-0	Control	Public_study__ZellerG_2014	ERR479287	SAMEA2467022	ERS436779	https://ftp.sra.ebi.ac.uk/vol1/fastq/ERR479/ERR479287/ERR479287_1.fastq.gz	https://ftp.sra.ebi.ac.uk/vol1/fastq/ERR479/ERR479287/ERR479287_2.fastq.gz	aa8f47b50077935b60e1e3fb53818c3a	5a392c56bc467e50e6fd6cc21b63e365	607836187	622957778
CCIS71578391ST-4-0	Control	Public_study__ZellerG_2014	ERR479288	SAMEA2467022	ERS436779	https://ftp.sra.ebi.ac.uk/vol1/fastq/ERR479/ERR479288/ERR479288_1.fastq.gz	https://ftp.sra.ebi.ac.uk/vol1/fastq/ERR479/ERR479288/ERR479288_2.fastq.gz	8b7370373fd5b37d6cc83ef54cfba032	affb9d0b0508b2baa1a25be40d517219	609542798	621298509
CCIS71578391ST-4-0	Control	Public_study__ZellerG_2014	ERR479289	SAMEA2467022	ERS436779	https://ftp.sra.ebi.ac.uk/vol1/fastq/ERR479/ERR479289/ERR479289_1.fastq.gz	https://ftp.sra.ebi.ac.uk/vol1/fastq/ERR479/ERR479289/ERR479289_2.fastq.gz	a6c83c3b738d16bbdf242ff092091222	42d7580394245c9abff84a7af1e08fcb	604672535	613803277
CCIS72607085ST-4-0	CRC	Public_study__ZellerG_2014	ERR479290	SAMEA2467001	ERS436758	https://ftp.sra.ebi.ac.uk/vol1/fastq/ERR479/ERR479290/ERR479290_1.fastq.gz	https://ftp.sra.ebi.ac.uk/vol1/fastq/ERR479/ERR479290/ERR479290_2.fastq.gz	f9193bcb89184e739af53750ca0128f4	d8c069e088c15afb00e7c166ed3ecb6c	408115933	408724579
CCIS72607085ST-4-0	CRC	Public_study__ZellerG_2014	ERR479291	SAMEA2467001	ERS436758	https://ftp.sra.ebi.ac.uk/vol1/fastq/ERR479/ERR479291/ERR479291_1.fastq.gz	https://ftp.sra.ebi.ac.uk/vol1/fastq/ERR479/ERR479291/ERR479291_2.fastq.gz	ca96acbccbf87fbd4f03258cca6c8c33	4d718247ea54e652c0ff1ac28b295f69	389158459	385470110
CCIS72607085ST-4-0	CRC	Public_study__ZellerG_2014	ERR479292	SAMEA2467001	ERS436758	https://ftp.sra.ebi.ac.uk/vol1/fastq/ERR479/ERR479292/ERR479292_1.fastq.gz	https://ftp.sra.ebi.ac.uk/vol1/fastq/ERR479/ERR479292/ERR479292_2.fastq.gz	bb4c9edbf904d02d7ec6493c9a0d4aab	b7ca12562a63e1ed365948d4b88fc384	399063683	397455342
CCIS72607085ST-4-0	CRC	Public_study__ZellerG_2014	ERR479293	SAMEA2467001	ERS436758	https://ftp.sra.ebi.ac.uk/vol1/fastq/ERR479/ERR479293/ERR479293_1.fastq.gz	https://ftp.sra.ebi.ac.uk/vol1/fastq/ERR479/ERR479293/ERR479293_2.fastq.gz	5ae39bbd0d9530b7a24717f74ddf9a73	53b79a0e89cbe2ca35d6fff008e5d1ea	400219089	399418295
CCIS74239020ST-4-0	Control	Public_study__ZellerG_2014	ERR479294	SAMEA2467020	ERS436777	https://ftp.sra.ebi.ac.uk/vol1/fastq/ERR479/ERR479294/ERR479294_1.fastq.gz	https://ftp.sra.ebi.ac.uk/vol1/fastq/ERR479/ERR479294/ERR479294_2.fastq.gz	3488f87a4b66347ae532ed986c6b8512	fdd2e41b0396d47d4027a5d198f6b1f1	497634806	507837726
CCIS74239020ST-4-0	Control	Public_study__ZellerG_2014	ERR479295	SAMEA2467020	ERS436777	https://ftp.sra.ebi.ac.uk/vol1/fastq/ERR479/ERR479295/ERR479295_1.fastq.gz	https://ftp.sra.ebi.ac.uk/vol1/fastq/ERR479/ERR479295/ERR479295_2.fastq.gz	ac38c38d0edc807d59a1d07db9ba643c	741d002882496deb8a380a4ab9ebb301	499374884	509979916
CCIS74239020ST-4-0	Control	Public_study__ZellerG_2014	ERR479296	SAMEA2467020	ERS436777	https://ftp.sra.ebi.ac.uk/vol1/fastq/ERR479/ERR479296/ERR479296_1.fastq.gz	https://ftp.sra.ebi.ac.uk/vol1/fastq/ERR479/ERR479296/ERR479296_2.fastq.gz	7eb3953c459f95931870900b102b8b64	686a280f9414c9ecdb0fea1d181baa27	501213071	509560621
CCIS74239020ST-4-0	Control	Public_study__ZellerG_2014	ERR479297	SAMEA2467020	ERS436777	https://ftp.sra.ebi.ac.uk/vol1/fastq/ERR479/ERR479297/ERR479297_1.fastq.gz	https://ftp.sra.ebi.ac.uk/vol1/fastq/ERR479/ERR479297/ERR479297_2.fastq.gz	e960dbaccf8e80dc3ea52411923a82c2	e1de0856a25ec9375d1c05a87950610a	496907547	504186235
CCIS74726977ST-3-0	Adenoma	Public_study__ZellerG_2014	ERR479298	SAMEA2466889	ERS436646	https://ftp.sra.ebi.ac.uk/vol1/fastq/ERR479/ERR479298/ERR479298_1.fastq.gz	https://ftp.sra.ebi.ac.uk/vol1/fastq/ERR479/ERR479298/ERR479298_2.fastq.gz	b9dba6aa8b30898be5c6c982410d101c	ffc724725dbb76efdd3606518e32f132	4595549091	4581583498
CCIS76563044ST-4-0	Adenoma	Public_study__ZellerG_2014	ERR479299	SAMEA2466977	ERS436734	https://ftp.sra.ebi.ac.uk/vol1/fastq/ERR479/ERR479299/ERR479299_1.fastq.gz	https://ftp.sra.ebi.ac.uk/vol1/fastq/ERR479/ERR479299/ERR479299_2.fastq.gz	301b9a78c694592885ce2a2250e46ec6	d317889d54e282f190d015853b5be415	879096800	889213631
CCIS76563044ST-4-0	Adenoma	Public_study__ZellerG_2014	ERR479300	SAMEA2466977	ERS436734	https://ftp.sra.ebi.ac.uk/vol1/fastq/ERR479/ERR479300/ERR479300_1.fastq.gz	https://ftp.sra.ebi.ac.uk/vol1/fastq/ERR479/ERR479300/ERR479300_2.fastq.gz	c35ec74eb37ade67137e86a847d041a2	ed7542f2c65da32bed14a6974e088b70	667493178	879155060
CCIS76563044ST-4-0	Adenoma	Public_study__ZellerG_2014	ERR479301	SAMEA2466977	ERS436734	https://ftp.sra.ebi.ac.uk/vol1/fastq/ERR479/ERR479301/ERR479301_1.fastq.gz	https://ftp.sra.ebi.ac.uk/vol1/fastq/ERR479/ERR479301/ERR479301_2.fastq.gz	1ce3b6360e37510300fafa093a5e70f7	ab5fb22bcf263f8501249c0c4d11a58a	884739951	897021168
CCIS76845094ST-20-0	CRC	Public_study__ZellerG_2014	ERR479302	SAMEA2466946	ERS436703	https://ftp.sra.ebi.ac.uk/vol1/fastq/ERR479/ERR479302/ERR479302_1.fastq.gz	https://ftp.sra.ebi.ac.uk/vol1/fastq/ERR479/ERR479302/ERR479302_2.fastq.gz	c38575ed1d7cec87996d3d8b1f1d5f3a	f6538a3e56c38d25b66c41c45589a66e	2675798443	2684390185
CCIS76845094ST-20-0	CRC	Public_study__ZellerG_2014	ERR479303	SAMEA2466946	ERS436703	https://ftp.sra.ebi.ac.uk/vol1/fastq/ERR479/ERR479303/ERR479303_1.fastq.gz	https://ftp.sra.ebi.ac.uk/vol1/fastq/ERR479/ERR479303/ERR479303_2.fastq.gz	af4fbdbe4c29e24a8e8cd1eef1b84d6e	409563c1c1fc89da4fcc708f53cf28a1	2791934256	2798916019
CCIS77100899ST-4-0	Adenoma	Public_study__ZellerG_2014	ERR479304	SAMEA2466918	ERS436675	https://ftp.sra.ebi.ac.uk/vol1/fastq/ERR479/ERR479304/ERR479304_1.fastq.gz	https://ftp.sra.ebi.ac.uk/vol1/fastq/ERR479/ERR479304/ERR479304_2.fastq.gz	8fbc639fdee637538a64fbf5a36bf5e4	a3f4905111b670e3c372cd5ef244b37e	597309083	600817635
CCIS77100899ST-4-0	Adenoma	Public_study__ZellerG_2014	ERR479305	SAMEA2466918	ERS436675	https://ftp.sra.ebi.ac.uk/vol1/fastq/ERR479/ERR479305/ERR479305_1.fastq.gz	https://ftp.sra.ebi.ac.uk/vol1/fastq/ERR479/ERR479305/ERR479305_2.fastq.gz	f76e33400ab16b4c5f1743e55eacfe15	a1232344fe8f58960942eaf38d6320ff	591126124	591301462
CCIS77100899ST-4-0	Adenoma	Public_study__ZellerG_2014	ERR479306	SAMEA2466918	ERS436675	https://ftp.sra.ebi.ac.uk/vol1/fastq/ERR479/ERR479306/ERR479306_1.fastq.gz	https://ftp.sra.ebi.ac.uk/vol1/fastq/ERR479/ERR479306/ERR479306_2.fastq.gz	c71eb0fd2fac229a26f4c61051cc8b2d	4697c259b47acd64d66d5d1a0140431f	587548968	588988489
CCIS77100899ST-4-0	Adenoma	Public_study__ZellerG_2014	ERR479307	SAMEA2466918	ERS436675	https://ftp.sra.ebi.ac.uk/vol1/fastq/ERR479/ERR479307/ERR479307_1.fastq.gz	https://ftp.sra.ebi.ac.uk/vol1/fastq/ERR479/ERR479307/ERR479307_2.fastq.gz	3a70cd62de1e713108db3f5aa1faaf6a	37a61c539d118478a382714fbeca45eb	571400166	565567016
CCIS77252613ST-4-0	CRC	Public_study__ZellerG_2014	ERR479308	SAMEA2466992	ERS436749	https://ftp.sra.ebi.ac.uk/vol1/fastq/ERR479/ERR479308/ERR479308_1.fastq.gz	https://ftp.sra.ebi.ac.uk/vol1/fastq/ERR479/ERR479308/ERR479308_2.fastq.gz	5fa20ee4f989131cec98f530fd297d5a	9eae049ec875f7c13a5f33bbf74a43a1	777220210	785579915
CCIS77252613ST-4-0	CRC	Public_study__ZellerG_2014	ERR479309	SAMEA2466992	ERS436749	https://ftp.sra.ebi.ac.uk/vol1/fastq/ERR479/ERR479309/ERR479309_1.fastq.gz	https://ftp.sra.ebi.ac.uk/vol1/fastq/ERR479/ERR479309/ERR479309_2.fastq.gz	9702607272a1093ced81ebfc5af65096	7d061662c4919889a187d13c4c81ac79	764804098	770380735
CCIS77252613ST-4-0	CRC	Public_study__ZellerG_2014	ERR479310	SAMEA2466992	ERS436749	https://ftp.sra.ebi.ac.uk/vol1/fastq/ERR479/ERR479310/ERR479310_1.fastq.gz	https://ftp.sra.ebi.ac.uk/vol1/fastq/ERR479/ERR479310/ERR479310_2.fastq.gz	2b938fc3fad22c5b0129779b3563ad4a	601c043d9e40dc2e4dbc5d5ff7b8bc71	740725718	754198235
CCIS77252613ST-4-0	CRC	Public_study__ZellerG_2014	ERR479311	SAMEA2466992	ERS436749	https://ftp.sra.ebi.ac.uk/vol1/fastq/ERR479/ERR479311/ERR479311_1.fastq.gz	https://ftp.sra.ebi.ac.uk/vol1/fastq/ERR479/ERR479311/ERR479311_2.fastq.gz	cddd6883baf17ff98e9efbf7356da863	234b657aeeacc3ff239b67adbd9017ec	756171328	762493438
CCIS78100604ST-4-0	Control	Public_study__ZellerG_2014	ERR479312	SAMEA2467040	ERS436797	https://ftp.sra.ebi.ac.uk/vol1/fastq/ERR479/ERR479312/ERR479312_1.fastq.gz	https://ftp.sra.ebi.ac.uk/vol1/fastq/ERR479/ERR479312/ERR479312_2.fastq.gz	f7a732a2761919d081c613772cf5be68	5aba1ae33a157e4f6207086d2bf9c703	593697393	611824156
CCIS78100604ST-4-0	Control	Public_study__ZellerG_2014	ERR479313	SAMEA2467040	ERS436797	https://ftp.sra.ebi.ac.uk/vol1/fastq/ERR479/ERR479313/ERR479313_1.fastq.gz	https://ftp.sra.ebi.ac.uk/vol1/fastq/ERR479/ERR479313/ERR479313_2.fastq.gz	6d2f57b84ac88c2060101239dfeb6bdf	33eba4928c74387fe897257153927388	598406143	616992626
CCIS78100604ST-4-0	Control	Public_study__ZellerG_2014	ERR479314	SAMEA2467040	ERS436797	https://ftp.sra.ebi.ac.uk/vol1/fastq/ERR479/ERR479314/ERR479314_1.fastq.gz	https://ftp.sra.ebi.ac.uk/vol1/fastq/ERR479/ERR479314/ERR479314_2.fastq.gz	4cb011962103c754357d9b2f5507fdef	ac3e0fbf58d8b684ef9db76c0cbfc4ef	598884679	614691799
CCIS78100604ST-4-0	Control	Public_study__ZellerG_2014	ERR479315	SAMEA2467040	ERS436797	https://ftp.sra.ebi.ac.uk/vol1/fastq/ERR479/ERR479315/ERR479315_1.fastq.gz	https://ftp.sra.ebi.ac.uk/vol1/fastq/ERR479/ERR479315/ERR479315_2.fastq.gz	43d59debb43716480b15ea7ffff31784	710047653115fda3d27c69cdb9c0b9d3	592254193	605487753
CCIS78318719ST-4-0	CRC	Public_study__ZellerG_2014	ERR479316	SAMEA2466988	ERS436745	https://ftp.sra.ebi.ac.uk/vol1/fastq/ERR479/ERR479316/ERR479316_1.fastq.gz	https://ftp.sra.ebi.ac.uk/vol1/fastq/ERR479/ERR479316/ERR479316_2.fastq.gz	25079d887266f1f51159afc8d61d4ab6	eeec0c846bbed12d4473e5cfd4d58d1d	428050353	435906085
CCIS78318719ST-4-0	CRC	Public_study__ZellerG_2014	ERR479317	SAMEA2466988	ERS436745	https://ftp.sra.ebi.ac.uk/vol1/fastq/ERR479/ERR479317/ERR479317_1.fastq.gz	https://ftp.sra.ebi.ac.uk/vol1/fastq/ERR479/ERR479317/ERR479317_2.fastq.gz	d90d67235f8329130c11db8f8275a617	9053d5527c18731db143ff8c4da53511	457521120	465455553
CCIS78318719ST-4-0	CRC	Public_study__ZellerG_2014	ERR479318	SAMEA2466988	ERS436745	https://ftp.sra.ebi.ac.uk/vol1/fastq/ERR479/ERR479318/ERR479318_1.fastq.gz	https://ftp.sra.ebi.ac.uk/vol1/fastq/ERR479/ERR479318/ERR479318_2.fastq.gz	725e0efba39e1a7800bb3c5c08f8418e	270ad42cf94f8282ab70f5e90219e21b	983717496	989022806
CCIS79210440ST-3-0	Control	Public_study__ZellerG_2014	ERR479319	SAMEA2466891	ERS436648	https://ftp.sra.ebi.ac.uk/vol1/fastq/ERR479/ERR479319/ERR479319_1.fastq.gz	https://ftp.sra.ebi.ac.uk/vol1/fastq/ERR479/ERR479319/ERR479319_2.fastq.gz	c669da5b876d1e2702bb200888b803f1	f214a4c9be681f9ac37f3159ba60750a	584264291	636061904
CCIS79210440ST-3-0	Control	Public_study__ZellerG_2014	ERR479320	SAMEA2466891	ERS436648	https://ftp.sra.ebi.ac.uk/vol1/fastq/ERR479/ERR479320/ERR479320_1.fastq.gz	https://ftp.sra.ebi.ac.uk/vol1/fastq/ERR479/ERR479320/ERR479320_2.fastq.gz	93747db118672d9ebf454da588c35cb3	ee2fada95d3bbaf251c2ebca00f8cef9	537522116	594199591
CCIS80834637ST-4-0	Control	Public_study__ZellerG_2014	ERR479321	SAMEA2466981	ERS436738	https://ftp.sra.ebi.ac.uk/vol1/fastq/ERR479/ERR479321/ERR479321_1.fastq.gz	https://ftp.sra.ebi.ac.uk/vol1/fastq/ERR479/ERR479321/ERR479321_2.fastq.gz	d6f3960a4155d236a393024c7bdb0391	eb13cd193044168064ab84af5d52c5c8	799626967	807082677
CCIS80834637ST-4-0	Control	Public_study__ZellerG_2014	ERR479322	SAMEA2466981	ERS436738	https://ftp.sra.ebi.ac.uk/vol1/fastq/ERR479/ERR479322/ERR479322_1.fastq.gz	https://ftp.sra.ebi.ac.uk/vol1/fastq/ERR479/ERR479322/ERR479322_2.fastq.gz	36c5e97534ef412c8c21591da75354db	ef3a648b7860e5b68d51a9b59fa59888	799594379	777740907
CCIS80834637ST-4-0	Control	Public_study__ZellerG_2014	ERR479323	SAMEA2466981	ERS436738	https://ftp.sra.ebi.ac.uk/vol1/fastq/ERR479/ERR479323/ERR479323_1.fastq.gz	https://ftp.sra.ebi.ac.uk/vol1/fastq/ERR479/ERR479323/ERR479323_2.fastq.gz	08f124d8d30935ce1efb0972874f0897	189deac396bb40f140f351add4640b8d	822118136	831753280
CCIS80834637ST-4-0	Control	Public_study__ZellerG_2014	ERR479324	SAMEA2466981	ERS436738	https://ftp.sra.ebi.ac.uk/vol1/fastq/ERR479/ERR479324/ERR479324_1.fastq.gz	https://ftp.sra.ebi.ac.uk/vol1/fastq/ERR479/ERR479324/ERR479324_2.fastq.gz	5d38831d7214d2a084164c36c473026a	1a8ea09a78ec33cb8299dd9cbb81adef	805535104	805455118
CCIS81139242ST-4-0	Control	Public_study__ZellerG_2014	ERR479325	SAMEA2466902	ERS436659	https://ftp.sra.ebi.ac.uk/vol1/fastq/ERR479/ERR479325/ERR479325_1.fastq.gz	https://ftp.sra.ebi.ac.uk/vol1/fastq/ERR479/ERR479325/ERR479325_2.fastq.gz	5d27dbe86a83127cf956a0b30470e81c	e33c545fffbbc7bd76a7805e7d5374da	1031849478	1039718729
CCIS81139242ST-4-0	Control	Public_study__ZellerG_2014	ERR479326	SAMEA2466902	ERS436659	https://ftp.sra.ebi.ac.uk/vol1/fastq/ERR479/ERR479326/ERR479326_1.fastq.gz	https://ftp.sra.ebi.ac.uk/vol1/fastq/ERR479/ERR479326/ERR479326_2.fastq.gz	c6a3540726311cfa3b156a3894bd4e3f	3724c0f5b38021cd99fc90f5e48ba89d	1272674266	1295894544
CCIS81710917ST-20-0	Adenoma	Public_study__ZellerG_2014	ERR479327	SAMEA2466960	ERS436717	https://ftp.sra.ebi.ac.uk/vol1/fastq/ERR479/ERR479327/ERR479327_1.fastq.gz	https://ftp.sra.ebi.ac.uk/vol1/fastq/ERR479/ERR479327/ERR479327_2.fastq.gz	10cdeabce83f3c4864a564b564d15f80	e8172a539581f09082465cadbc8ee908	1764484861	1778053816
CCIS81710917ST-20-0	Adenoma	Public_study__ZellerG_2014	ERR479328	SAMEA2466960	ERS436717	https://ftp.sra.ebi.ac.uk/vol1/fastq/ERR479/ERR479328/ERR479328_1.fastq.gz	https://ftp.sra.ebi.ac.uk/vol1/fastq/ERR479/ERR479328/ERR479328_2.fastq.gz	48afb1bcb5f8e2f13b47fe9be7795b97	f8a964c52fa77f8ac387f7fca772ded4	1814643227	1827231639
CCIS81735969ST-20-0	Adenoma	Public_study__ZellerG_2014	ERR479329	SAMEA2466935	ERS436692	https://ftp.sra.ebi.ac.uk/vol1/fastq/ERR479/ERR479329/ERR479329_1.fastq.gz	https://ftp.sra.ebi.ac.uk/vol1/fastq/ERR479/ERR479329/ERR479329_2.fastq.gz	e1ff57350c908193e0cf70d2c5938b0c	19d95bc987fa73de41f99cf35399c7d9	1303686664	1318859557
CCIS81735969ST-20-0	Adenoma	Public_study__ZellerG_2014	ERR479330	SAMEA2466935	ERS436692	https://ftp.sra.ebi.ac.uk/vol1/fastq/ERR479/ERR479330/ERR479330_1.fastq.gz	https://ftp.sra.ebi.ac.uk/vol1/fastq/ERR479/ERR479330/ERR479330_2.fastq.gz	22f18b823aa9de110eb6e711e47deda3	37bca32f59fd614b8a62251110d7d189	1328174168	1344229001
CCIS81887263ST-4-0	CRC	Public_study__ZellerG_2014	ERR479331	SAMEA2466932	ERS436689	https://ftp.sra.ebi.ac.uk/vol1/fastq/ERR479/ERR479331/ERR479331_1.fastq.gz	https://ftp.sra.ebi.ac.uk/vol1/fastq/ERR479/ERR479331/ERR479331_2.fastq.gz	a8754a0a56f5eabb7b4266590d336197	d65eee6a2bc8cca91c1ced23f7a839a2	782546675	781289254
CCIS81887263ST-4-0	CRC	Public_study__ZellerG_2014	ERR479332	SAMEA2466932	ERS436689	https://ftp.sra.ebi.ac.uk/vol1/fastq/ERR479/ERR479332/ERR479332_1.fastq.gz	https://ftp.sra.ebi.ac.uk/vol1/fastq/ERR479/ERR479332/ERR479332_2.fastq.gz	a73d484d62a75242ad00bba5939562a1	8e245bc5603419e694d91fe31743a8cd	773145100	774868973
CCIS81887263ST-4-0	CRC	Public_study__ZellerG_2014	ERR479333	SAMEA2466932	ERS436689	https://ftp.sra.ebi.ac.uk/vol1/fastq/ERR479/ERR479333/ERR479333_1.fastq.gz	https://ftp.sra.ebi.ac.uk/vol1/fastq/ERR479/ERR479333/ERR479333_2.fastq.gz	a10f9a15d2d38219276c1de19cede13a	22440ef7500e6f47825b5b5b500aedf9	744477918	755283861
CCIS81887263ST-4-0	CRC	Public_study__ZellerG_2014	ERR479334	SAMEA2466932	ERS436689	https://ftp.sra.ebi.ac.uk/vol1/fastq/ERR479/ERR479334/ERR479334_1.fastq.gz	https://ftp.sra.ebi.ac.uk/vol1/fastq/ERR479/ERR479334/ERR479334_2.fastq.gz	112ead8d3758352ec8bfa5292df2929f	ecfb57e7c688349e9625e9dfd4a1a4f9	764349864	766631227
CCIS82146115ST-4-0	CRC	Public_study__ZellerG_2014	ERR479335	SAMEA2466970	ERS436727	https://ftp.sra.ebi.ac.uk/vol1/fastq/ERR479/ERR479335/ERR479335_1.fastq.gz	https://ftp.sra.ebi.ac.uk/vol1/fastq/ERR479/ERR479335/ERR479335_2.fastq.gz	3820eb82cb776a995ff5475db06c5065	daa07b887ed0687de020021bce68dc12	644121596	650143005
CCIS82146115ST-4-0	CRC	Public_study__ZellerG_2014	ERR479336	SAMEA2466970	ERS436727	https://ftp.sra.ebi.ac.uk/vol1/fastq/ERR479/ERR479336/ERR479336_1.fastq.gz	https://ftp.sra.ebi.ac.uk/vol1/fastq/ERR479/ERR479336/ERR479336_2.fastq.gz	3d58e9a6e38a70f9a818422e88106b28	3d3d7c708fa84f497ccc52cc7812095a	754796806	769809430
CCIS82146115ST-4-0	CRC	Public_study__ZellerG_2014	ERR479337	SAMEA2466970	ERS436727	https://ftp.sra.ebi.ac.uk/vol1/fastq/ERR479/ERR479337/ERR479337_1.fastq.gz	https://ftp.sra.ebi.ac.uk/vol1/fastq/ERR479/ERR479337/ERR479337_2.fastq.gz	8f8f9da04dcf9072d4843ef213a3d488	8cf071f0b1b55ccb671dce87f1beb0cf	762701578	775181211
CCIS82146115ST-4-0	CRC	Public_study__ZellerG_2014	ERR479338	SAMEA2466970	ERS436727	https://ftp.sra.ebi.ac.uk/vol1/fastq/ERR479/ERR479338/ERR479338_1.fastq.gz	https://ftp.sra.ebi.ac.uk/vol1/fastq/ERR479/ERR479338/ERR479338_2.fastq.gz	41bfa7ecfe3fcc4eb4ccca6771b7b66d	f48bb5ee77985dcb0d3f5cd53e627ff7	770110056	782990186
CCIS82507866ST-3-0	Control	Public_study__ZellerG_2014	ERR479339	SAMEA2466892	ERS436649	https://ftp.sra.ebi.ac.uk/vol1/fastq/ERR479/ERR479339/ERR479339_1.fastq.gz	https://ftp.sra.ebi.ac.uk/vol1/fastq/ERR479/ERR479339/ERR479339_2.fastq.gz	9bbade173be3479743ff0ac9a2f05ece	739bb4985c93bb8e56c3eb745c8b9d5b	628591994	673891236
CCIS82507866ST-3-0	Control	Public_study__ZellerG_2014	ERR479340	SAMEA2466892	ERS436649	https://ftp.sra.ebi.ac.uk/vol1/fastq/ERR479/ERR479340/ERR479340_1.fastq.gz	https://ftp.sra.ebi.ac.uk/vol1/fastq/ERR479/ERR479340/ERR479340_2.fastq.gz	c0c129f19c592d93bafc49c5633a7105	b3ae152eb8ccd8e5e985b5dfbf7f8792	573524003	626031117
CCIS82944710ST-20-0	Control	Public_study__ZellerG_2014	ERR479341	SAMEA2466985	ERS436742	https://ftp.sra.ebi.ac.uk/vol1/fastq/ERR479/ERR479341/ERR479341_1.fastq.gz	https://ftp.sra.ebi.ac.uk/vol1/fastq/ERR479/ERR479341/ERR479341_2.fastq.gz	ea8d9ee271ad2820c212f5e4ce243643	a41ea84136431d5eb20f907ea681971f	158202917	159855010
CCIS82944710ST-20-0	Control	Public_study__ZellerG_2014	ERR479342	SAMEA2466985	ERS436742	https://ftp.sra.ebi.ac.uk/vol1/fastq/ERR479/ERR479342/ERR479342_1.fastq.gz	https://ftp.sra.ebi.ac.uk/vol1/fastq/ERR479/ERR479342/ERR479342_2.fastq.gz	6b19da6778016c3867ff29dfb0dcef3e	97d2039f5c81c40ee80f33d37885d7db	163806238	165546094
CCIS83445808ST-4-0	Adenoma	Public_study__ZellerG_2014	ERR479343	SAMEA2466951	ERS436708	https://ftp.sra.ebi.ac.uk/vol1/fastq/ERR479/ERR479343/ERR479343_1.fastq.gz	https://ftp.sra.ebi.ac.uk/vol1/fastq/ERR479/ERR479343/ERR479343_2.fastq.gz	2ef19a2f213654bbf8b88705a6d8b603	e494981fb8d0da5945379f4712628f5d	281488065	287709356
CCIS83445808ST-4-0	Adenoma	Public_study__ZellerG_2014	ERR479344	SAMEA2466951	ERS436708	https://ftp.sra.ebi.ac.uk/vol1/fastq/ERR479/ERR479344/ERR479344_1.fastq.gz	https://ftp.sra.ebi.ac.uk/vol1/fastq/ERR479/ERR479344/ERR479344_2.fastq.gz	b9dea001d658ee52c6716923b9e9ecee	13b3da604de8ad542802cfdceaf5dd51	264288208	268663848
CCIS83445808ST-4-0	Adenoma	Public_study__ZellerG_2014	ERR479345	SAMEA2466951	ERS436708	https://ftp.sra.ebi.ac.uk/vol1/fastq/ERR479/ERR479345/ERR479345_1.fastq.gz	https://ftp.sra.ebi.ac.uk/vol1/fastq/ERR479/ERR479345/ERR479345_2.fastq.gz	dd88541c3a68ffc4b1d38861ec4d03b4	257ccd32c661a4a468ae12fff2c7ca24	844879805	843228817
CCIS83574003ST-4-0	Adenoma	Public_study__ZellerG_2014	ERR479346	SAMEA2466924	ERS436681	https://ftp.sra.ebi.ac.uk/vol1/fastq/ERR479/ERR479346/ERR479346_1.fastq.gz	https://ftp.sra.ebi.ac.uk/vol1/fastq/ERR479/ERR479346/ERR479346_2.fastq.gz	18b1750cd883a17d302a340040f58f75	89ed8893e654989f68c458375554a14d	1387897899	1379221634
CCIS83574003ST-4-0	Adenoma	Public_study__ZellerG_2014	ERR479347	SAMEA2466924	ERS436681	https://ftp.sra.ebi.ac.uk/vol1/fastq/ERR479/ERR479347/ERR479347_1.fastq.gz	https://ftp.sra.ebi.ac.uk/vol1/fastq/ERR479/ERR479347/ERR479347_2.fastq.gz	c8dae992a322d675cac46d642eae6212	ee1550cc7e2784bdbb6777ff5998daa2	1363017450	1360109679
CCIS83870198ST-4-0	CRC	Public_study__ZellerG_2014	ERR479348	SAMEA2466937	ERS436694	https://ftp.sra.ebi.ac.uk/vol1/fastq/ERR479/ERR479348/ERR479348_1.fastq.gz	https://ftp.sra.ebi.ac.uk/vol1/fastq/ERR479/ERR479348/ERR479348_2.fastq.gz	9ce99c1663a8214022996ada0a462425	1b9984d4d23e920e8ca3086e93eaa38e	479319557	486775342
CCIS83870198ST-4-0	CRC	Public_study__ZellerG_2014	ERR479349	SAMEA2466937	ERS436694	https://ftp.sra.ebi.ac.uk/vol1/fastq/ERR479/ERR479349/ERR479349_1.fastq.gz	https://ftp.sra.ebi.ac.uk/vol1/fastq/ERR479/ERR479349/ERR479349_2.fastq.gz	f4811c4af19b9c3c0d6ba9e2b6a6463a	f5767730262b23a2796a5094cbd04857	519808360	523750975
CCIS83870198ST-4-0	CRC	Public_study__ZellerG_2014	ERR479350	SAMEA2466937	ERS436694	https://ftp.sra.ebi.ac.uk/vol1/fastq/ERR479/ERR479350/ERR479350_1.fastq.gz	https://ftp.sra.ebi.ac.uk/vol1/fastq/ERR479/ERR479350/ERR479350_2.fastq.gz	2ff56b64f936ed2b0bc9996917a23ff2	2abb4ff1437ffeb2614f3c5cefe6d649	1361112748	1363640527
CCIS84543192ST-4-0	CRC	Public_study__ZellerG_2014	ERR479351	SAMEA2466983	ERS436740	https://ftp.sra.ebi.ac.uk/vol1/fastq/ERR479/ERR479351/ERR479351_1.fastq.gz	https://ftp.sra.ebi.ac.uk/vol1/fastq/ERR479/ERR479351/ERR479351_2.fastq.gz	ef96d0975d293259873cd480aca517d0	36c471ae80b8d0fcd8098155ce21bf86	475319107	488386815
CCIS84543192ST-4-0	CRC	Public_study__ZellerG_2014	ERR479352	SAMEA2466983	ERS436740	https://ftp.sra.ebi.ac.uk/vol1/fastq/ERR479/ERR479352/ERR479352_1.fastq.gz	https://ftp.sra.ebi.ac.uk/vol1/fastq/ERR479/ERR479352/ERR479352_2.fastq.gz	9518ac96f67a04a3ee85f2fd353b9551	0bf6986ecd65b3a90610868357ca1ee7	632854573	655389466
CCIS85214191ST-3-0	CRC	Public_study__ZellerG_2014	ERR479353	SAMEA2466917	ERS436674	https://ftp.sra.ebi.ac.uk/vol1/fastq/ERR479/ERR479353/ERR479353_1.fastq.gz	https://ftp.sra.ebi.ac.uk/vol1/fastq/ERR479/ERR479353/ERR479353_2.fastq.gz	6f5201bad9c336af0db3d214903a7bd0	c46ec62dfb3f21bd6c954758a1e4ff71	964936894	975222021
CCIS85214191ST-3-0	CRC	Public_study__ZellerG_2014	ERR479354	SAMEA2466917	ERS436674	https://ftp.sra.ebi.ac.uk/vol1/fastq/ERR479/ERR479354/ERR479354_1.fastq.gz	https://ftp.sra.ebi.ac.uk/vol1/fastq/ERR479/ERR479354/ERR479354_2.fastq.gz	dd9b64464b87360942e9ca8b1ce4485a	8f87d69c7e5b991439d176f41ac1d4bb	964710189	974439850
CCIS87116798ST-4-0	CRC	Public_study__ZellerG_2014	ERR479355	SAMEA2466934	ERS436691	https://ftp.sra.ebi.ac.uk/vol1/fastq/ERR479/ERR479355/ERR479355_1.fastq.gz	https://ftp.sra.ebi.ac.uk/vol1/fastq/ERR479/ERR479355/ERR479355_2.fastq.gz	6403a6c53bba7a03a13edeae832952bb	1dbb21909a42057629a59417e3feb52e	858491013	869265331
CCIS87116798ST-4-0	CRC	Public_study__ZellerG_2014	ERR479356	SAMEA2466934	ERS436691	https://ftp.sra.ebi.ac.uk/vol1/fastq/ERR479/ERR479356/ERR479356_1.fastq.gz	https://ftp.sra.ebi.ac.uk/vol1/fastq/ERR479/ERR479356/ERR479356_2.fastq.gz	b8a8c29ef8403d35fbd961a4ac0731f2	1a8a9317faa4a567af257953791fd543	849389995	859399872
CCIS87167916ST-4-0	CRC	Public_study__ZellerG_2014	ERR479357	SAMEA2466922	ERS436679	https://ftp.sra.ebi.ac.uk/vol1/fastq/ERR479/ERR479357/ERR479357_1.fastq.gz	https://ftp.sra.ebi.ac.uk/vol1/fastq/ERR479/ERR479357/ERR479357_2.fastq.gz	a2d9ea04f01d68c11abc4c023e830b62	929163ce698fa09af95c22865c31f2fb	761411802	764953008
CCIS87167916ST-4-0	CRC	Public_study__ZellerG_2014	ERR479358	SAMEA2466922	ERS436679	https://ftp.sra.ebi.ac.uk/vol1/fastq/ERR479/ERR479358/ERR479358_1.fastq.gz	https://ftp.sra.ebi.ac.uk/vol1/fastq/ERR479/ERR479358/ERR479358_2.fastq.gz	22546a4e9da207aa655c1071dee1629b	ad4f89b03f3f4cdfcc125a3ac5419ab7	644418251	643281695
CCIS87252800ST-4-0	CRC	Public_study__ZellerG_2014	ERR479359	SAMEA2466956	ERS436713	https://ftp.sra.ebi.ac.uk/vol1/fastq/ERR479/ERR479359/ERR479359_1.fastq.gz	https://ftp.sra.ebi.ac.uk/vol1/fastq/ERR479/ERR479359/ERR479359_2.fastq.gz	8b14e3e84c90b87d9c444c4742b7ceda	e4d6a35a9c01a4cd7b4c7d7f59e9ec8c	208084200	211721860
CCIS87252800ST-4-0	CRC	Public_study__ZellerG_2014	ERR479360	SAMEA2466956	ERS436713	https://ftp.sra.ebi.ac.uk/vol1/fastq/ERR479/ERR479360/ERR479360_1.fastq.gz	https://ftp.sra.ebi.ac.uk/vol1/fastq/ERR479/ERR479360/ERR479360_2.fastq.gz	9018084006c84877dfd61288cf439b00	b70269524075f7670003673657f54f91	229713164	233171035
CCIS87252800ST-4-0	CRC	Public_study__ZellerG_2014	ERR479361	SAMEA2466956	ERS436713	https://ftp.sra.ebi.ac.uk/vol1/fastq/ERR479/ERR479361/ERR479361_1.fastq.gz	https://ftp.sra.ebi.ac.uk/vol1/fastq/ERR479/ERR479361/ERR479361_2.fastq.gz	30bb6325ba66ec52923c514265377493	efe7f54531ef6ae7cc6a352c9c2331e6	406293186	407715365
CCIS87290971ST-4-0	Adenoma	Public_study__ZellerG_2014	ERR479362	SAMEA2466914	ERS436671	https://ftp.sra.ebi.ac.uk/vol1/fastq/ERR479/ERR479362/ERR479362_1.fastq.gz	https://ftp.sra.ebi.ac.uk/vol1/fastq/ERR479/ERR479362/ERR479362_2.fastq.gz	212e0d17eba5a70ce9235af854db0a85	505b12e2fbcd7baf3cb1d5f3db9f3eb0	504961955	506065004
CCIS87290971ST-4-0	Adenoma	Public_study__ZellerG_2014	ERR479363	SAMEA2466914	ERS436671	https://ftp.sra.ebi.ac.uk/vol1/fastq/ERR479/ERR479363/ERR479363_1.fastq.gz	https://ftp.sra.ebi.ac.uk/vol1/fastq/ERR479/ERR479363/ERR479363_2.fastq.gz	30ec3ea174dcabe53d8c45cbbb6c0167	078cf3476449182a66376ac9845fc506	480593977	466350728
CCIS87290971ST-4-0	Adenoma	Public_study__ZellerG_2014	ERR479364	SAMEA2466914	ERS436671	https://ftp.sra.ebi.ac.uk/vol1/fastq/ERR479/ERR479364/ERR479364_1.fastq.gz	https://ftp.sra.ebi.ac.uk/vol1/fastq/ERR479/ERR479364/ERR479364_2.fastq.gz	44c74447d8f200e567511668de5af96e	4e2fb697f5085c6db4468e48479323c2	495529828	479899569
CCIS87290971ST-4-0	Adenoma	Public_study__ZellerG_2014	ERR479365	SAMEA2466914	ERS436671	https://ftp.sra.ebi.ac.uk/vol1/fastq/ERR479/ERR479365/ERR479365_1.fastq.gz	https://ftp.sra.ebi.ac.uk/vol1/fastq/ERR479/ERR479365/ERR479365_2.fastq.gz	3ec857d4f8484dcbda03092f1e9e64c9	6f047985a51a547dfd882ab16488d922	493015517	481990984
CCIS87605453ST-4-0	CRC	Public_study__ZellerG_2014	ERR479366	SAMEA2466936	ERS436693	https://ftp.sra.ebi.ac.uk/vol1/fastq/ERR479/ERR479366/ERR479366_1.fastq.gz	https://ftp.sra.ebi.ac.uk/vol1/fastq/ERR479/ERR479366/ERR479366_2.fastq.gz	1df534027955a5702fe4db44df35299d	1b8c7ee65fd2b81eb1f146a7128421e8	647815422	656015969
CCIS87605453ST-4-0	CRC	Public_study__ZellerG_2014	ERR479367	SAMEA2466936	ERS436693	https://ftp.sra.ebi.ac.uk/vol1/fastq/ERR479/ERR479367/ERR479367_1.fastq.gz	https://ftp.sra.ebi.ac.uk/vol1/fastq/ERR479/ERR479367/ERR479367_2.fastq.gz	4d7d69c13a3444c308cba20e023792fd	63643fc238b2efccfcb476046103f063	653228471	662133873
CCIS87605453ST-4-0	CRC	Public_study__ZellerG_2014	ERR479368	SAMEA2466936	ERS436693	https://ftp.sra.ebi.ac.uk/vol1/fastq/ERR479/ERR479368/ERR479368_1.fastq.gz	https://ftp.sra.ebi.ac.uk/vol1/fastq/ERR479/ERR479368/ERR479368_2.fastq.gz	67b625e51f0636124d4bb5c71d1c038c	777f14dc2eb370c5d73504c1a286b367	662173491	672953420
CCIS87605453ST-4-0	CRC	Public_study__ZellerG_2014	ERR479369	SAMEA2466936	ERS436693	https://ftp.sra.ebi.ac.uk/vol1/fastq/ERR479/ERR479369/ERR479369_1.fastq.gz	https://ftp.sra.ebi.ac.uk/vol1/fastq/ERR479/ERR479369/ERR479369_2.fastq.gz	07b780d338f719838e7dce1ae0f4872a	a18fe61279773b1e4cded744821c5825	643462998	644664707
CCIS88007743ST-4-0	Control	Public_study__ZellerG_2014	ERR479370	SAMEA2467033	ERS436790	https://ftp.sra.ebi.ac.uk/vol1/fastq/ERR479/ERR479370/ERR479370_1.fastq.gz	https://ftp.sra.ebi.ac.uk/vol1/fastq/ERR479/ERR479370/ERR479370_2.fastq.gz	bc05b00a50791a798635f10d66c3a7c1	40b8442fda79dfc4b6dffc38494b0bdb	475055046	486227231
CCIS88007743ST-4-0	Control	Public_study__ZellerG_2014	ERR479371	SAMEA2467033	ERS436790	https://ftp.sra.ebi.ac.uk/vol1/fastq/ERR479/ERR479371/ERR479371_1.fastq.gz	https://ftp.sra.ebi.ac.uk/vol1/fastq/ERR479/ERR479371/ERR479371_2.fastq.gz	696714f4e170125e4be4493f6558f606	426f7bca5c1a753c43f377c789d50b7f	469522825	482327199
CCIS88007743ST-4-0	Control	Public_study__ZellerG_2014	ERR479372	SAMEA2467033	ERS436790	https://ftp.sra.ebi.ac.uk/vol1/fastq/ERR479/ERR479372/ERR479372_1.fastq.gz	https://ftp.sra.ebi.ac.uk/vol1/fastq/ERR479/ERR479372/ERR479372_2.fastq.gz	db27cc71262007e6c2304c8cc9a3f0f1	57e3a6a7b1cec7c1d9c0440c4facd816	469456567	482422500
CCIS88007743ST-4-0	Control	Public_study__ZellerG_2014	ERR479373	SAMEA2467033	ERS436790	https://ftp.sra.ebi.ac.uk/vol1/fastq/ERR479/ERR479373/ERR479373_1.fastq.gz	https://ftp.sra.ebi.ac.uk/vol1/fastq/ERR479/ERR479373/ERR479373_2.fastq.gz	224fa8d67cb64ba3126e3bca47a0160f	9bf7f4e639e6e3b9a2ed15c1d00138bb	473968154	486785233
CCIS88317640ST-4-0	Control	Public_study__ZellerG_2014	ERR479374	SAMEA2467042	ERS436799	https://ftp.sra.ebi.ac.uk/vol1/fastq/ERR479/ERR479374/ERR479374_1.fastq.gz	https://ftp.sra.ebi.ac.uk/vol1/fastq/ERR479/ERR479374/ERR479374_2.fastq.gz	82b5a345ba781ae96602d2f76d8c37ad	6729bc9621b11d4acce1a32c878580fc	547945431	556314664
CCIS88317640ST-4-0	Control	Public_study__ZellerG_2014	ERR479375	SAMEA2467042	ERS436799	https://ftp.sra.ebi.ac.uk/vol1/fastq/ERR479/ERR479375/ERR479375_1.fastq.gz	https://ftp.sra.ebi.ac.uk/vol1/fastq/ERR479/ERR479375/ERR479375_2.fastq.gz	a2e7d723766c8b278c61a0e85d8b813b	fc241c51cd3d53a92cb2dc1bb7259b75	550865632	559607848
CCIS88317640ST-4-0	Control	Public_study__ZellerG_2014	ERR479376	SAMEA2467042	ERS436799	https://ftp.sra.ebi.ac.uk/vol1/fastq/ERR479/ERR479376/ERR479376_1.fastq.gz	https://ftp.sra.ebi.ac.uk/vol1/fastq/ERR479/ERR479376/ERR479376_2.fastq.gz	36b801afe848d2087e08930ea83e70d5	02dbe6840ec4b732c769ce743462f443	553295888	559426826
CCIS88317640ST-4-0	Control	Public_study__ZellerG_2014	ERR479377	SAMEA2467042	ERS436799	https://ftp.sra.ebi.ac.uk/vol1/fastq/ERR479/ERR479377/ERR479377_1.fastq.gz	https://ftp.sra.ebi.ac.uk/vol1/fastq/ERR479/ERR479377/ERR479377_2.fastq.gz	2d1141c77fc020ebe131de3069c0e43f	ac81bed4e87ce4b1332690ca3a00b39f	549521083	553608890
CCIS90164298ST-4-0	Control	Public_study__ZellerG_2014	ERR479378	SAMEA2467029	ERS436786	https://ftp.sra.ebi.ac.uk/vol1/fastq/ERR479/ERR479378/ERR479378_1.fastq.gz	https://ftp.sra.ebi.ac.uk/vol1/fastq/ERR479/ERR479378/ERR479378_2.fastq.gz	127ce840b69343bb7434a10e035b5b02	d3e0e2ae8c4bd293e68a4a6c34bccf22	528067518	537046389
CCIS90164298ST-4-0	Control	Public_study__ZellerG_2014	ERR479379	SAMEA2467029	ERS436786	https://ftp.sra.ebi.ac.uk/vol1/fastq/ERR479/ERR479379/ERR479379_1.fastq.gz	https://ftp.sra.ebi.ac.uk/vol1/fastq/ERR479/ERR479379/ERR479379_2.fastq.gz	9e39e507588bc0467539901fc7d6c3e0	7fa9d75e8d5cadef298640edcec6e0df	523119859	533506210
CCIS90164298ST-4-0	Control	Public_study__ZellerG_2014	ERR479380	SAMEA2467029	ERS436786	https://ftp.sra.ebi.ac.uk/vol1/fastq/ERR479/ERR479380/ERR479380_1.fastq.gz	https://ftp.sra.ebi.ac.uk/vol1/fastq/ERR479/ERR479380/ERR479380_2.fastq.gz	eed44391fe2f2b7b3b408e1b12163c10	fbe6c4c9d546dd8e00b18b0b9954f348	524484591	536231861
CCIS90164298ST-4-0	Control	Public_study__ZellerG_2014	ERR479381	SAMEA2467029	ERS436786	https://ftp.sra.ebi.ac.uk/vol1/fastq/ERR479/ERR479381/ERR479381_1.fastq.gz	https://ftp.sra.ebi.ac.uk/vol1/fastq/ERR479/ERR479381/ERR479381_2.fastq.gz	60ddfa59856e18e1b2f155afef317565	069ed9901bac35a5bcffd1aa031fed5f	526200048	536512844
CCIS90166425ST-4-0	Adenoma	Public_study__ZellerG_2014	ERR479382	SAMEA2466945	ERS436702	https://ftp.sra.ebi.ac.uk/vol1/fastq/ERR479/ERR479382/ERR479382_1.fastq.gz	https://ftp.sra.ebi.ac.uk/vol1/fastq/ERR479/ERR479382/ERR479382_2.fastq.gz	fa9def1fbb4d9df1a22696e15d23221b	68546f72159e5ef263bf91c836c3e498	1004206389	1013321449
CCIS90166425ST-4-0	Adenoma	Public_study__ZellerG_2014	ERR479383	SAMEA2466945	ERS436702	https://ftp.sra.ebi.ac.uk/vol1/fastq/ERR479/ERR479383/ERR479383_1.fastq.gz	https://ftp.sra.ebi.ac.uk/vol1/fastq/ERR479/ERR479383/ERR479383_2.fastq.gz	82494f1cedcfb98fd8f4afd7e7121842	3d7892775b3836107b8730f07720a3ef	1017906581	1021893747
CCIS90443472ST-4-0	Adenoma	Public_study__ZellerG_2014	ERR479384	SAMEA2466925	ERS436682	https://ftp.sra.ebi.ac.uk/vol1/fastq/ERR479/ERR479384/ERR479384_1.fastq.gz	https://ftp.sra.ebi.ac.uk/vol1/fastq/ERR479/ERR479384/ERR479384_2.fastq.gz	dd3194d2c8a8e3b73823eef135a22f19	cfde4644f06e5d766110e8f6b19acc69	805979512	815210609
CCIS90443472ST-4-0	Adenoma	Public_study__ZellerG_2014	ERR479385	SAMEA2466925	ERS436682	https://ftp.sra.ebi.ac.uk/vol1/fastq/ERR479/ERR479385/ERR479385_1.fastq.gz	https://ftp.sra.ebi.ac.uk/vol1/fastq/ERR479/ERR479385/ERR479385_2.fastq.gz	7f711a2f557103c70917fb16c36af162	910b68f8461a2ad6afdde016ca1b8b85	788206478	766114491
CCIS90443472ST-4-0	Adenoma	Public_study__ZellerG_2014	ERR479386	SAMEA2466925	ERS436682	https://ftp.sra.ebi.ac.uk/vol1/fastq/ERR479/ERR479386/ERR479386_1.fastq.gz	https://ftp.sra.ebi.ac.uk/vol1/fastq/ERR479/ERR479386/ERR479386_2.fastq.gz	e321190c1de22bcc6b5e7e4006f41f6c	947aad3eeef4e7228f75359cfb815aac	605315187	800246313
CCIS90903952ST-3-0	Adenoma	Public_study__ZellerG_2014	ERR479387	SAMEA2466921	ERS436678	https://ftp.sra.ebi.ac.uk/vol1/fastq/ERR479/ERR479387/ERR479387_1.fastq.gz	https://ftp.sra.ebi.ac.uk/vol1/fastq/ERR479/ERR479387/ERR479387_2.fastq.gz	73a8f8d2a085267db6622093f21c0814	974096e1b581999c02aa0cd174ab899b	758207155	770478442
CCIS90903952ST-3-0	Adenoma	Public_study__ZellerG_2014	ERR479388	SAMEA2466921	ERS436678	https://ftp.sra.ebi.ac.uk/vol1/fastq/ERR479/ERR479388/ERR479388_1.fastq.gz	https://ftp.sra.ebi.ac.uk/vol1/fastq/ERR479/ERR479388/ERR479388_2.fastq.gz	8f63fee88cdf07670c8fb317af59911f	45a4b4e9e0b907ae250be78321dbfafc	743472024	756729538
CCIS91228662ST-4-0	CRC	Public_study__ZellerG_2014	ERR479389	SAMEA2466927	ERS436684	https://ftp.sra.ebi.ac.uk/vol1/fastq/ERR479/ERR479389/ERR479389_1.fastq.gz	https://ftp.sra.ebi.ac.uk/vol1/fastq/ERR479/ERR479389/ERR479389_2.fastq.gz	7abe031a2ae395f34d2a77bf90c01e5d	22190384ca6e670db90ba4951e595050	1572431403	1573367837
CCIS91228662ST-4-0	CRC	Public_study__ZellerG_2014	ERR479390	SAMEA2466927	ERS436684	https://ftp.sra.ebi.ac.uk/vol1/fastq/ERR479/ERR479390/ERR479390_1.fastq.gz	https://ftp.sra.ebi.ac.uk/vol1/fastq/ERR479/ERR479390/ERR479390_2.fastq.gz	b543790951764cd14cb43000ee163d80	063202c2cb0fd1c78081abb6b58663ac	1564124408	1571371895
CCIS93040568ST-20-0	Control	Public_study__ZellerG_2014	ERR479391	SAMEA2466978	ERS436735	https://ftp.sra.ebi.ac.uk/vol1/fastq/ERR479/ERR479391/ERR479391_1.fastq.gz	https://ftp.sra.ebi.ac.uk/vol1/fastq/ERR479/ERR479391/ERR479391_2.fastq.gz	6b645b08c476ec0e6b72954c6687f88d	5802474161970f2d02b52a4edb74637d	243032725	245015992
CCIS93040568ST-20-0	Control	Public_study__ZellerG_2014	ERR479392	SAMEA2466978	ERS436735	https://ftp.sra.ebi.ac.uk/vol1/fastq/ERR479/ERR479392/ERR479392_1.fastq.gz	https://ftp.sra.ebi.ac.uk/vol1/fastq/ERR479/ERR479392/ERR479392_2.fastq.gz	e6af676a8af5d6c88ee1eaf413979bc4	d2067feee246ccf6af0767428b87c561	253216349	255120973
CCIS94417875ST-3-0	Control	Public_study__ZellerG_2014	ERR479393	SAMEA2466898	ERS436655	https://ftp.sra.ebi.ac.uk/vol1/fastq/ERR479/ERR479393/ERR479393_1.fastq.gz	https://ftp.sra.ebi.ac.uk/vol1/fastq/ERR479/ERR479393/ERR479393_2.fastq.gz	b33e91542c707919953fe1e2d2ebe1b4	84fd18951b4b94a4bc03b2a0e908ec08	613446505	670812187
CCIS94417875ST-3-0	Control	Public_study__ZellerG_2014	ERR479394	SAMEA2466898	ERS436655	https://ftp.sra.ebi.ac.uk/vol1/fastq/ERR479/ERR479394/ERR479394_1.fastq.gz	https://ftp.sra.ebi.ac.uk/vol1/fastq/ERR479/ERR479394/ERR479394_2.fastq.gz	15df90cab0e42ab35411259da64e6b17	3224d802db492ee820cfe7ce56cc1f6d	597694366	651910719
CCIS94496512ST-4-0	Adenoma	Public_study__ZellerG_2014	ERR479395	SAMEA2466923	ERS436680	https://ftp.sra.ebi.ac.uk/vol1/fastq/ERR479/ERR479395/ERR479395_1.fastq.gz	https://ftp.sra.ebi.ac.uk/vol1/fastq/ERR479/ERR479395/ERR479395_2.fastq.gz	e152aba7ec58517079686bd9c6c5e7a8	217ada563190cc6d89bedefd358c84c3	618682243	643334085
CCIS94496512ST-4-0	Adenoma	Public_study__ZellerG_2014	ERR479396	SAMEA2466923	ERS436680	https://ftp.sra.ebi.ac.uk/vol1/fastq/ERR479/ERR479396/ERR479396_1.fastq.gz	https://ftp.sra.ebi.ac.uk/vol1/fastq/ERR479/ERR479396/ERR479396_2.fastq.gz	f5faf647317cc0a25f9435d0d5f5e038	594a12965b119e4b18a20e210a300d42	604186904	628604905
CCIS94603952ST-4-0	Control	Public_study__ZellerG_2014	ERR479397	SAMEA2467012	ERS436769	https://ftp.sra.ebi.ac.uk/vol1/fastq/ERR479/ERR479397/ERR479397_1.fastq.gz	https://ftp.sra.ebi.ac.uk/vol1/fastq/ERR479/ERR479397/ERR479397_2.fastq.gz	63fc7095a44d605ab6147077aadc5358	d3e2d16b4a4ca4c0a2789b94696bc792	522097302	534798764
CCIS94603952ST-4-0	Control	Public_study__ZellerG_2014	ERR479398	SAMEA2467012	ERS436769	https://ftp.sra.ebi.ac.uk/vol1/fastq/ERR479/ERR479398/ERR479398_1.fastq.gz	https://ftp.sra.ebi.ac.uk/vol1/fastq/ERR479/ERR479398/ERR479398_2.fastq.gz	ee9d652ccd71c9592885432707ec92bc	5e69bc9afbc284e9d9ba60068ff36e6d	527773330	540766023
CCIS94603952ST-4-0	Control	Public_study__ZellerG_2014	ERR479399	SAMEA2467012	ERS436769	https://ftp.sra.ebi.ac.uk/vol1/fastq/ERR479/ERR479399/ERR479399_1.fastq.gz	https://ftp.sra.ebi.ac.uk/vol1/fastq/ERR479/ERR479399/ERR479399_2.fastq.gz	94827fdd9d73c043fd5d0ee133a5a804	cf9b9b60a81d88c49b702302fccc71f9	527368211	537534865
CCIS94603952ST-4-0	Control	Public_study__ZellerG_2014	ERR479400	SAMEA2467012	ERS436769	https://ftp.sra.ebi.ac.uk/vol1/fastq/ERR479/ERR479400/ERR479400_1.fastq.gz	https://ftp.sra.ebi.ac.uk/vol1/fastq/ERR479/ERR479400/ERR479400_2.fastq.gz	fb895150f69510e720776335e36da829	3cb26c0578f0171df66e06f474584e76	524197747	532321132
CCIS95097901ST-4-0	Control	Public_study__ZellerG_2014	ERR479401	SAMEA2466980	ERS436737	https://ftp.sra.ebi.ac.uk/vol1/fastq/ERR479/ERR479401/ERR479401_1.fastq.gz	https://ftp.sra.ebi.ac.uk/vol1/fastq/ERR479/ERR479401/ERR479401_2.fastq.gz	46693e7078cd6e067a2b83e3ad3d5c43	461bb695a6166c037d65b7ec1eab877e	447659492	449877764
CCIS95097901ST-4-0	Control	Public_study__ZellerG_2014	ERR479402	SAMEA2466980	ERS436737	https://ftp.sra.ebi.ac.uk/vol1/fastq/ERR479/ERR479402/ERR479402_1.fastq.gz	https://ftp.sra.ebi.ac.uk/vol1/fastq/ERR479/ERR479402/ERR479402_2.fastq.gz	00fe4eb1155dfb8bc85c7b98334c5cd8	6f6f32d6e540541a446717245e71fbc6	429173371	426232257
CCIS95097901ST-4-0	Control	Public_study__ZellerG_2014	ERR479403	SAMEA2466980	ERS436737	https://ftp.sra.ebi.ac.uk/vol1/fastq/ERR479/ERR479403/ERR479403_1.fastq.gz	https://ftp.sra.ebi.ac.uk/vol1/fastq/ERR479/ERR479403/ERR479403_2.fastq.gz	ced6c005e78a59027cb351b1e9f92610	c296b174f2fb145212587f50b9ac21c3	440782864	441303656
CCIS95097901ST-4-0	Control	Public_study__ZellerG_2014	ERR479404	SAMEA2466980	ERS436737	https://ftp.sra.ebi.ac.uk/vol1/fastq/ERR479/ERR479404/ERR479404_1.fastq.gz	https://ftp.sra.ebi.ac.uk/vol1/fastq/ERR479/ERR479404/ERR479404_2.fastq.gz	37fa143330900f38e269c853ae5464b2	13eec5b7e54222d8405b44de2c51d88f	440329960	439937821
CCIS95409808ST-4-0	Control	Public_study__ZellerG_2014	ERR479405	SAMEA2467019	ERS436776	https://ftp.sra.ebi.ac.uk/vol1/fastq/ERR479/ERR479405/ERR479405_1.fastq.gz	https://ftp.sra.ebi.ac.uk/vol1/fastq/ERR479/ERR479405/ERR479405_2.fastq.gz	25421b9cc061bc64f5bc9f7d09e3f554	6ad828ba653cc9b40d00d953343cb43f	568238862	573660543
CCIS95409808ST-4-0	Control	Public_study__ZellerG_2014	ERR479406	SAMEA2467019	ERS436776	https://ftp.sra.ebi.ac.uk/vol1/fastq/ERR479/ERR479406/ERR479406_1.fastq.gz	https://ftp.sra.ebi.ac.uk/vol1/fastq/ERR479/ERR479406/ERR479406_2.fastq.gz	f0b73e759efdfd9b4c5ef49a01d73e34	a2c6b7a38dd93d2f8caf4560b2d3652f	566967548	574167734
CCIS95409808ST-4-0	Control	Public_study__ZellerG_2014	ERR479407	SAMEA2467019	ERS436776	https://ftp.sra.ebi.ac.uk/vol1/fastq/ERR479/ERR479407/ERR479407_1.fastq.gz	https://ftp.sra.ebi.ac.uk/vol1/fastq/ERR479/ERR479407/ERR479407_2.fastq.gz	7848113894470af7596b39f9cba8712f	a3d3626561401418d31f97e3a5f4ff2f	566959781	575252117
CCIS95409808ST-4-0	Control	Public_study__ZellerG_2014	ERR479408	SAMEA2467019	ERS436776	https://ftp.sra.ebi.ac.uk/vol1/fastq/ERR479/ERR479408/ERR479408_1.fastq.gz	https://ftp.sra.ebi.ac.uk/vol1/fastq/ERR479/ERR479408/ERR479408_2.fastq.gz	8643774f4d5fdeabd2ba81ac647a9878	830df773502f0c3a6c64a0759a0379a2	568124893	575238748
CCIS96387239ST-4-0	Adenoma	Public_study__ZellerG_2014	ERR479409	SAMEA2466969	ERS436726	https://ftp.sra.ebi.ac.uk/vol1/fastq/ERR479/ERR479409/ERR479409_1.fastq.gz	https://ftp.sra.ebi.ac.uk/vol1/fastq/ERR479/ERR479409/ERR479409_2.fastq.gz	cdd5b24db2dfe7d9b66030bd94706598	9f92dda3690d916e51f563a8a464b02a	264157814	272694228
CCIS96387239ST-4-0	Adenoma	Public_study__ZellerG_2014	ERR479410	SAMEA2466969	ERS436726	https://ftp.sra.ebi.ac.uk/vol1/fastq/ERR479/ERR479410/ERR479410_1.fastq.gz	https://ftp.sra.ebi.ac.uk/vol1/fastq/ERR479/ERR479410/ERR479410_2.fastq.gz	7f7f659d41c8455d8d3247c112a459ba	464eb493bbf02caf5f45eb4ad12c1ee3	252260759	256250031
CCIS96387239ST-4-0	Adenoma	Public_study__ZellerG_2014	ERR479411	SAMEA2466969	ERS436726	https://ftp.sra.ebi.ac.uk/vol1/fastq/ERR479/ERR479411/ERR479411_1.fastq.gz	https://ftp.sra.ebi.ac.uk/vol1/fastq/ERR479/ERR479411/ERR479411_2.fastq.gz	c509db40d0acbe54d2765a2c7a7a687d	5f4c8577053a1168a17a5233a7ae7dbb	260203425	267459702
CCIS96387239ST-4-0	Adenoma	Public_study__ZellerG_2014	ERR479412	SAMEA2466969	ERS436726	https://ftp.sra.ebi.ac.uk/vol1/fastq/ERR479/ERR479412/ERR479412_1.fastq.gz	https://ftp.sra.ebi.ac.uk/vol1/fastq/ERR479/ERR479412/ERR479412_2.fastq.gz	ae1f8597d6c31ad1c304216b353ae99d	b8686e85ca797f199b9ff7bfc92b71d6	262427071	268572642
CCIS98482370ST-3-0	Control	Public_study__ZellerG_2014	ERR479413	SAMEA2466894	ERS436651	https://ftp.sra.ebi.ac.uk/vol1/fastq/ERR479/ERR479413/ERR479413_1.fastq.gz	https://ftp.sra.ebi.ac.uk/vol1/fastq/ERR479/ERR479413/ERR479413_2.fastq.gz	bf643723cc80f9034c902be1833f4237	122ff85b91c0631a1433cd321e2bbf03	614883356	680403137
CCIS98482370ST-3-0	Control	Public_study__ZellerG_2014	ERR479414	SAMEA2466894	ERS436651	https://ftp.sra.ebi.ac.uk/vol1/fastq/ERR479/ERR479414/ERR479414_1.fastq.gz	https://ftp.sra.ebi.ac.uk/vol1/fastq/ERR479/ERR479414/ERR479414_2.fastq.gz	6358e61c6251723ee1b87178b81255fb	9a9fb6fa3bdcbd0b462d58c39355f01f	582617137	643137466
CCIS98512455ST-4-0	CRC	Public_study__ZellerG_2014	ERR479415	SAMEA2466948	ERS436705	https://ftp.sra.ebi.ac.uk/vol1/fastq/ERR479/ERR479415/ERR479415_1.fastq.gz	https://ftp.sra.ebi.ac.uk/vol1/fastq/ERR479/ERR479415/ERR479415_2.fastq.gz	ebcc4f703116e60226dd77d0749cfa06	b8f4a32e2103c9e0c4843ab4ccea820a	797907543	809164425
CCIS98512455ST-4-0	CRC	Public_study__ZellerG_2014	ERR479416	SAMEA2466948	ERS436705	https://ftp.sra.ebi.ac.uk/vol1/fastq/ERR479/ERR479416/ERR479416_1.fastq.gz	https://ftp.sra.ebi.ac.uk/vol1/fastq/ERR479/ERR479416/ERR479416_2.fastq.gz	71cc5191d8bb340902c83a98a45ebac8	0ad578567e87a15df89da1a32576467a	792941191	803889059
CCIS98832363ST-4-0	CRC	Public_study__ZellerG_2014	ERR479417	SAMEA2466964	ERS436721	https://ftp.sra.ebi.ac.uk/vol1/fastq/ERR479/ERR479417/ERR479417_1.fastq.gz	https://ftp.sra.ebi.ac.uk/vol1/fastq/ERR479/ERR479417/ERR479417_2.fastq.gz	28da333123e700cadcc57f600168b2ee	2e84767784eb4305faa5453698968644	1022768010	1036098066
CCIS98832363ST-4-0	CRC	Public_study__ZellerG_2014	ERR479418	SAMEA2466964	ERS436721	https://ftp.sra.ebi.ac.uk/vol1/fastq/ERR479/ERR479418/ERR479418_1.fastq.gz	https://ftp.sra.ebi.ac.uk/vol1/fastq/ERR479/ERR479418/ERR479418_2.fastq.gz	c3ebff512ba3e3409ff874190ad70ced	e7350f9325c1841a8303bd07c008db89	1273817037	1313386588
